image_id,identity,path,split
11_c3s4_7,11,gallery\11_c3s4_7.jpg,train
38_c5s5_4,38,gallery\38_c5s5_4.jpg,train
167_c5s5_8,167,gallery\167_c5s5_8.jpg,train
166_c1s5_0,166,gallery\166_c1s5_0.jpg,train
77_c5s6_5,77,gallery\77_c5s6_5.jpg,train
89_c1s1_8,89,gallery\89_c1s1_8.jpg,train
124_c2s3_2,124,gallery\124_c2s3_2.jpg,train
190_c1s2_2,190,gallery\190_c1s2_2.jpg,train
64_c4s4_1,64,gallery\64_c4s4_1.jpg,train
99_c5s3_8,99,gallery\99_c5s3_8.jpg,train
113_c6s5_8,113,gallery\113_c6s5_8.jpg,train
20_c4s2_3,20,gallery\20_c4s2_3.jpg,train
13_c1s3_7,13,gallery\13_c1s3_7.jpg,train
111_c4s5_5,111,gallery\111_c4s5_5.jpg,train
64_c5s4_2,64,gallery\64_c5s4_2.jpg,train
109_c6s2_6,109,gallery\109_c6s2_6.jpg,train
39_c4s5_8,39,gallery\39_c4s5_8.jpg,train
137_c6s1_7,137,gallery\137_c6s1_7.jpg,train
16_c2s2_4,16,gallery\16_c2s2_4.jpg,train
31_c2s2_14,31,gallery\31_c2s2_14.jpg,train
64_c4s6_6,64,gallery\64_c4s6_6.jpg,train
10_c3s1_6,10,gallery\10_c3s1_6.jpg,train
50_c4s6_1,50,gallery\50_c4s6_1.jpg,train
4_c2s2_5,4,gallery\4_c2s2_5.jpg,train
185_c4s6_7,185,gallery\185_c4s6_7.jpg,train
32_c2s6_5,32,gallery\32_c2s6_5.jpg,train
190_c1s6_10,190,gallery\190_c1s6_10.jpg,train
16_c5s4_7,16,gallery\16_c5s4_7.jpg,train
39_c6s3_2,39,gallery\39_c6s3_2.jpg,train
152_c4s5_12,152,gallery\152_c4s5_12.jpg,train
190_c6s1_3,190,gallery\190_c6s1_3.jpg,train
7_c3s3_2,7,gallery\7_c3s3_2.jpg,train
59_c5s5_0,59,gallery\59_c5s5_0.jpg,train
85_c4s2_5,85,gallery\85_c4s2_5.jpg,train
61_c5s2_5,61,gallery\61_c5s2_5.jpg,train
0_c4s5_1,0,gallery\0_c4s5_1.jpg,train
32_c3s1_1,32,gallery\32_c3s1_1.jpg,train
1_c6s6_8,1,gallery\1_c6s6_8.jpg,train
77_c1s2_2,77,gallery\77_c1s2_2.jpg,train
119_c4s5_9,119,gallery\119_c4s5_9.jpg,train
129_c1s3_3,129,gallery\129_c1s3_3.jpg,train
42_c6s3_6,42,gallery\42_c6s3_6.jpg,train
17_c1s5_16,17,gallery\17_c1s5_16.jpg,train
161_c6s5_2,161,gallery\161_c6s5_2.jpg,train
98_c4s3_1,98,gallery\98_c4s3_1.jpg,train
11_c3s2_0,11,gallery\11_c3s2_0.jpg,train
152_c4s1_10,152,gallery\152_c4s1_10.jpg,train
36_c4s1_4,36,gallery\36_c4s1_4.jpg,train
85_c4s3_6,85,gallery\85_c4s3_6.jpg,train
8_c3s6_8,8,gallery\8_c3s6_8.jpg,train
189_c6s6_0,189,gallery\189_c6s6_0.jpg,train
184_c6s1_14,184,gallery\184_c6s1_14.jpg,train
158_c2s1_9,158,gallery\158_c2s1_9.jpg,train
76_c3s5_3,76,gallery\76_c3s5_3.jpg,train
119_c3s5_1,119,gallery\119_c3s5_1.jpg,train
113_c5s4_3,113,gallery\113_c5s4_3.jpg,train
18_c5s1_5,18,gallery\18_c5s1_5.jpg,train
34_c3s4_2,34,gallery\34_c3s4_2.jpg,train
113_c1s2_5,113,gallery\113_c1s2_5.jpg,train
23_c4s5_3,23,gallery\23_c4s5_3.jpg,train
106_c1s2_8,106,gallery\106_c1s2_8.jpg,train
50_c4s1_0,50,gallery\50_c4s1_0.jpg,train
37_c2s1_2,37,gallery\37_c2s1_2.jpg,train
34_c5s3_8,34,gallery\34_c5s3_8.jpg,train
9_c6s2_15,9,gallery\9_c6s2_15.jpg,train
86_c2s4_4,86,gallery\86_c2s4_4.jpg,train
124_c5s1_3,124,gallery\124_c5s1_3.jpg,train
53_c4s6_9,53,gallery\53_c4s6_9.jpg,train
158_c1s3_7,158,gallery\158_c1s3_7.jpg,train
37_c2s3_1,37,gallery\37_c2s3_1.jpg,train
7_c2s3_4,7,gallery\7_c2s3_4.jpg,train
67_c1s4_7,67,gallery\67_c1s4_7.jpg,train
87_c1s4_5,87,gallery\87_c1s4_5.jpg,train
16_c3s3_2,16,gallery\16_c3s3_2.jpg,train
8_c4s5_3,8,gallery\8_c4s5_3.jpg,train
163_c4s1_10,163,gallery\163_c4s1_10.jpg,train
124_c2s5_1,124,gallery\124_c2s5_1.jpg,train
32_c2s6_3,32,gallery\32_c2s6_3.jpg,train
99_c6s6_4,99,gallery\99_c6s6_4.jpg,train
114_c2s1_1,114,gallery\114_c2s1_1.jpg,train
0_c2s5_0,0,gallery\0_c2s5_0.jpg,train
116_c5s5_2,116,gallery\116_c5s5_2.jpg,train
146_c2s3_2,146,gallery\146_c2s3_2.jpg,train
158_c4s3_16,158,gallery\158_c4s3_16.jpg,train
84_c6s1_7,84,gallery\84_c6s1_7.jpg,train
9_c5s1_1,9,gallery\9_c5s1_1.jpg,train
69_c3s2_6,69,gallery\69_c3s2_6.jpg,train
55_c2s3_3,55,gallery\55_c2s3_3.jpg,train
147_c1s1_4,147,gallery\147_c1s1_4.jpg,train
20_c2s2_5,20,gallery\20_c2s2_5.jpg,train
183_c6s5_1,183,gallery\183_c6s5_1.jpg,train
190_c5s1_0,190,gallery\190_c5s1_0.jpg,train
7_c3s1_6,7,gallery\7_c3s1_6.jpg,train
18_c5s1_7,18,gallery\18_c5s1_7.jpg,train
13_c2s3_8,13,gallery\13_c2s3_8.jpg,train
47_c2s5_1,47,gallery\47_c2s5_1.jpg,train
32_c6s4_7,32,gallery\32_c6s4_7.jpg,train
7_c1s5_0,7,gallery\7_c1s5_0.jpg,train
184_c6s6_1,184,gallery\184_c6s6_1.jpg,train
39_c1s6_3,39,gallery\39_c1s6_3.jpg,train
35_c2s2_9,35,gallery\35_c2s2_9.jpg,train
109_c3s2_9,109,gallery\109_c3s2_9.jpg,train
74_c1s1_8,74,gallery\74_c1s1_8.jpg,train
9_c2s4_6,9,gallery\9_c2s4_6.jpg,train
160_c2s2_7,160,gallery\160_c2s2_7.jpg,train
75_c3s5_8,75,gallery\75_c3s5_8.jpg,train
180_c4s1_11,180,gallery\180_c4s1_11.jpg,train
74_c1s6_5,74,gallery\74_c1s6_5.jpg,train
106_c1s3_0,106,gallery\106_c1s3_0.jpg,train
18_c2s2_2,18,gallery\18_c2s2_2.jpg,train
47_c4s5_3,47,gallery\47_c4s5_3.jpg,train
18_c5s6_6,18,gallery\18_c5s6_6.jpg,train
42_c4s1_3,42,gallery\42_c4s1_3.jpg,train
10_c1s2_1,10,gallery\10_c1s2_1.jpg,train
38_c5s4_3,38,gallery\38_c5s4_3.jpg,train
3_c1s2_1,3,gallery\3_c1s2_1.jpg,train
16_c1s5_1,16,gallery\16_c1s5_1.jpg,train
0_c1s1_7,0,gallery\0_c1s1_7.jpg,train
55_c3s1_6,55,gallery\55_c3s1_6.jpg,train
152_c1s3_2,152,gallery\152_c1s3_2.jpg,train
137_c3s6_8,137,gallery\137_c3s6_8.jpg,train
62_c2s2_6,62,gallery\62_c2s2_6.jpg,train
119_c5s5_7,119,gallery\119_c5s5_7.jpg,train
4_c4s3_1,4,gallery\4_c4s3_1.jpg,train
1_c6s3_9,1,gallery\1_c6s3_9.jpg,train
179_c1s5_4,179,gallery\179_c1s5_4.jpg,train
114_c6s5_4,114,gallery\114_c6s5_4.jpg,train
158_c1s1_21,158,gallery\158_c1s1_21.jpg,train
57_c3s2_7,57,gallery\57_c3s2_7.jpg,train
161_c3s1_1,161,gallery\161_c3s1_1.jpg,train
137_c4s4_0,137,gallery\137_c4s4_0.jpg,train
156_c1s4_3,156,gallery\156_c1s4_3.jpg,train
91_c5s4_5,91,gallery\91_c5s4_5.jpg,train
40_c4s3_3,40,gallery\40_c4s3_3.jpg,train
164_c6s5_5,164,gallery\164_c6s5_5.jpg,train
83_c2s1_6,83,gallery\83_c2s1_6.jpg,train
76_c1s5_5,76,gallery\76_c1s5_5.jpg,train
185_c2s1_14,185,gallery\185_c2s1_14.jpg,train
38_c3s1_9,38,gallery\38_c3s1_9.jpg,train
183_c6s2_4,183,gallery\183_c6s2_4.jpg,train
64_c1s5_9,64,gallery\64_c1s5_9.jpg,train
54_c2s1_0,54,gallery\54_c2s1_0.jpg,train
1_c5s2_3,1,gallery\1_c5s2_3.jpg,train
173_c5s5_13,173,gallery\173_c5s5_13.jpg,train
97_c1s4_7,97,gallery\97_c1s4_7.jpg,train
8_c2s2_2,8,gallery\8_c2s2_2.jpg,train
41_c3s1_2,41,gallery\41_c3s1_2.jpg,train
13_c6s6_5,13,gallery\13_c6s6_5.jpg,train
180_c6s1_8,180,gallery\180_c6s1_8.jpg,train
58_c3s5_5,58,gallery\58_c3s5_5.jpg,train
8_c3s5_0,8,gallery\8_c3s5_0.jpg,train
183_c1s1_5,183,gallery\183_c1s1_5.jpg,train
69_c4s1_1,69,gallery\69_c4s1_1.jpg,train
106_c3s6_3,106,gallery\106_c3s6_3.jpg,train
13_c5s6_0,13,gallery\13_c5s6_0.jpg,train
176_c2s2_11,176,gallery\176_c2s2_11.jpg,train
37_c2s4_3,37,gallery\37_c2s4_3.jpg,train
98_c5s6_2,98,gallery\98_c5s6_2.jpg,train
23_c6s2_4,23,gallery\23_c6s2_4.jpg,train
189_c4s6_1,189,gallery\189_c4s6_1.jpg,train
86_c1s4_5,86,gallery\86_c1s4_5.jpg,train
125_c6s4_2,125,gallery\125_c6s4_2.jpg,train
184_c6s1_0,184,gallery\184_c6s1_0.jpg,train
38_c3s1_5,38,gallery\38_c3s1_5.jpg,train
55_c2s4_2,55,gallery\55_c2s4_2.jpg,train
61_c1s4_3,61,gallery\61_c1s4_3.jpg,train
116_c1s3_7,116,gallery\116_c1s3_7.jpg,train
180_c1s5_2,180,gallery\180_c1s5_2.jpg,train
34_c2s2_3,34,gallery\34_c2s2_3.jpg,train
164_c5s5_7,164,gallery\164_c5s5_7.jpg,train
190_c2s3_13,190,gallery\190_c2s3_13.jpg,train
89_c5s4_4,89,gallery\89_c5s4_4.jpg,train
23_c6s1_1,23,gallery\23_c6s1_1.jpg,train
3_c2s3_9,3,gallery\3_c2s3_9.jpg,train
85_c1s1_2,85,gallery\85_c1s1_2.jpg,train
11_c4s3_5,11,gallery\11_c4s3_5.jpg,train
87_c1s5_1,87,gallery\87_c1s5_1.jpg,train
170_c4s2_14,170,gallery\170_c4s2_14.jpg,train
129_c6s3_9,129,gallery\129_c6s3_9.jpg,train
137_c1s6_2,137,gallery\137_c1s6_2.jpg,train
97_c5s2_5,97,gallery\97_c5s2_5.jpg,train
160_c1s4_9,160,gallery\160_c1s4_9.jpg,train
167_c2s1_22,167,gallery\167_c2s1_22.jpg,train
36_c1s4_6,36,gallery\36_c1s4_6.jpg,train
146_c2s2_2,146,gallery\146_c2s2_2.jpg,train
39_c3s5_5,39,gallery\39_c3s5_5.jpg,train
105_c2s3_0,105,gallery\105_c2s3_0.jpg,train
89_c1s5_2,89,gallery\89_c1s5_2.jpg,train
157_c5s6_3,157,gallery\157_c5s6_3.jpg,train
125_c5s3_0,125,gallery\125_c5s3_0.jpg,train
79_c2s4_7,79,gallery\79_c2s4_7.jpg,train
32_c4s6_0,32,gallery\32_c4s6_0.jpg,train
59_c2s6_3,59,gallery\59_c2s6_3.jpg,train
106_c5s6_9,106,gallery\106_c5s6_9.jpg,train
99_c5s5_6,99,gallery\99_c5s5_6.jpg,train
147_c3s2_3,147,gallery\147_c3s2_3.jpg,train
31_c6s3_9,31,gallery\31_c6s3_9.jpg,train
74_c4s6_6,74,gallery\74_c4s6_6.jpg,train
50_c6s1_6,50,gallery\50_c6s1_6.jpg,train
98_c3s6_3,98,gallery\98_c3s6_3.jpg,train
109_c3s5_5,109,gallery\109_c3s5_5.jpg,train
18_c5s2_3,18,gallery\18_c5s2_3.jpg,train
23_c3s1_5,23,gallery\23_c3s1_5.jpg,train
31_c4s1_6,31,gallery\31_c4s1_6.jpg,train
42_c6s1_8,42,gallery\42_c6s1_8.jpg,train
54_c6s2_2,54,gallery\54_c6s2_2.jpg,train
34_c2s4_9,34,gallery\34_c2s4_9.jpg,train
8_c3s6_6,8,gallery\8_c3s6_6.jpg,train
36_c1s6_9,36,gallery\36_c1s6_9.jpg,train
13_c5s3_2,13,gallery\13_c5s3_2.jpg,train
36_c1s4_3,36,gallery\36_c1s4_3.jpg,train
41_c6s6_0,41,gallery\41_c6s6_0.jpg,train
93_c2s6_3,93,gallery\93_c2s6_3.jpg,train
158_c5s2_15,158,gallery\158_c5s2_15.jpg,train
52_c3s2_5,52,gallery\52_c3s2_5.jpg,train
7_c4s1_3,7,gallery\7_c4s1_3.jpg,train
52_c2s6_0,52,gallery\52_c2s6_0.jpg,train
124_c2s4_5,124,gallery\124_c2s4_5.jpg,train
163_c3s5_9,163,gallery\163_c3s5_9.jpg,train
106_c4s5_2,106,gallery\106_c4s5_2.jpg,train
74_c1s4_2,74,gallery\74_c1s4_2.jpg,train
89_c2s5_6,89,gallery\89_c2s5_6.jpg,train
164_c2s6_0,164,gallery\164_c2s6_0.jpg,train
54_c6s2_7,54,gallery\54_c6s2_7.jpg,train
32_c6s1_2,32,gallery\32_c6s1_2.jpg,train
75_c5s2_11,75,gallery\75_c5s2_11.jpg,train
106_c6s3_7,106,gallery\106_c6s3_7.jpg,train
167_c1s4_11,167,gallery\167_c1s4_11.jpg,train
158_c5s1_11,158,gallery\158_c5s1_11.jpg,train
3_c1s3_3,3,gallery\3_c1s3_3.jpg,train
47_c4s3_4,47,gallery\47_c4s3_4.jpg,train
125_c4s4_7,125,gallery\125_c4s4_7.jpg,train
52_c4s5_4,52,gallery\52_c4s5_4.jpg,train
74_c6s3_3,74,gallery\74_c6s3_3.jpg,train
31_c2s6_11,31,gallery\31_c2s6_11.jpg,train
40_c4s6_8,40,gallery\40_c4s6_8.jpg,train
23_c6s4_6,23,gallery\23_c6s4_6.jpg,train
18_c4s6_1,18,gallery\18_c4s6_1.jpg,train
16_c1s4_5,16,gallery\16_c1s4_5.jpg,train
158_c5s2_10,158,gallery\158_c5s2_10.jpg,train
76_c3s6_7,76,gallery\76_c3s6_7.jpg,train
125_c6s3_5,125,gallery\125_c6s3_5.jpg,train
3_c5s1_4,3,gallery\3_c5s1_4.jpg,train
55_c3s6_5,55,gallery\55_c3s6_5.jpg,train
38_c6s4_2,38,gallery\38_c6s4_2.jpg,train
3_c6s4_2,3,gallery\3_c6s4_2.jpg,train
62_c1s2_4,62,gallery\62_c1s2_4.jpg,train
41_c6s3_3,41,gallery\41_c6s3_3.jpg,train
99_c3s4_1,99,gallery\99_c3s4_1.jpg,train
176_c6s6_2,176,gallery\176_c6s6_2.jpg,train
112_c3s6_3,112,gallery\112_c3s6_3.jpg,train
69_c6s4_5,69,gallery\69_c6s4_5.jpg,train
111_c2s6_8,111,gallery\111_c2s6_8.jpg,train
35_c3s2_2,35,gallery\35_c3s2_2.jpg,train
105_c2s6_2,105,gallery\105_c2s6_2.jpg,train
42_c5s5_1,42,gallery\42_c5s5_1.jpg,train
20_c3s1_2,20,gallery\20_c3s1_2.jpg,train
109_c2s4_3,109,gallery\109_c2s4_3.jpg,train
53_c5s6_3,53,gallery\53_c5s6_3.jpg,train
3_c4s6_6,3,gallery\3_c4s6_6.jpg,train
189_c1s2_9,189,gallery\189_c1s2_9.jpg,train
107_c2s1_5,107,gallery\107_c2s1_5.jpg,train
114_c5s6_8,114,gallery\114_c5s6_8.jpg,train
162_c2s5_15,162,gallery\162_c2s5_15.jpg,train
89_c2s4_9,89,gallery\89_c2s4_9.jpg,train
170_c2s4_2,170,gallery\170_c2s4_2.jpg,train
167_c1s5_6,167,gallery\167_c1s5_6.jpg,train
10_c2s3_4,10,gallery\10_c2s3_4.jpg,train
7_c1s2_1,7,gallery\7_c1s2_1.jpg,train
69_c5s6_1,69,gallery\69_c5s6_1.jpg,train
105_c3s3_1,105,gallery\105_c3s3_1.jpg,train
3_c1s4_5,3,gallery\3_c1s4_5.jpg,train
162_c6s2_4,162,gallery\162_c6s2_4.jpg,train
162_c2s6_9,162,gallery\162_c2s6_9.jpg,train
76_c2s5_8,76,gallery\76_c2s5_8.jpg,train
86_c3s5_8,86,gallery\86_c3s5_8.jpg,train
61_c5s2_4,61,gallery\61_c5s2_4.jpg,train
86_c2s6_2,86,gallery\86_c2s6_2.jpg,train
113_c6s3_0,113,gallery\113_c6s3_0.jpg,train
166_c6s1_9,166,gallery\166_c6s1_9.jpg,train
109_c1s4_8,109,gallery\109_c1s4_8.jpg,train
17_c6s3_1,17,gallery\17_c6s3_1.jpg,train
42_c6s1_2,42,gallery\42_c6s1_2.jpg,train
32_c4s3_4,32,gallery\32_c4s3_4.jpg,train
120_c1s4_8,120,gallery\120_c1s4_8.jpg,train
152_c5s1_5,152,gallery\152_c5s1_5.jpg,train
59_c4s2_5,59,gallery\59_c4s2_5.jpg,train
184_c6s3_11,184,gallery\184_c6s3_11.jpg,train
1_c3s5_5,1,gallery\1_c3s5_5.jpg,train
8_c5s6_6,8,gallery\8_c5s6_6.jpg,train
47_c4s2_0,47,gallery\47_c4s2_0.jpg,train
61_c2s4_0,61,gallery\61_c2s4_0.jpg,train
119_c4s1_3,119,gallery\119_c4s1_3.jpg,train
11_c1s6_4,11,gallery\11_c1s6_4.jpg,train
67_c4s6_2,67,gallery\67_c4s6_2.jpg,train
91_c1s5_7,91,gallery\91_c1s5_7.jpg,train
31_c4s4_8,31,gallery\31_c4s4_8.jpg,train
16_c4s5_3,16,gallery\16_c4s5_3.jpg,train
79_c1s5_6,79,gallery\79_c1s5_6.jpg,train
91_c1s1_2,91,gallery\91_c1s1_2.jpg,train
183_c1s5_12,183,gallery\183_c1s5_12.jpg,train
105_c4s1_7,105,gallery\105_c4s1_7.jpg,train
64_c5s6_7,64,gallery\64_c5s6_7.jpg,train
4_c2s6_6,4,gallery\4_c2s6_6.jpg,train
8_c3s2_4,8,gallery\8_c3s2_4.jpg,train
93_c5s5_5,93,gallery\93_c5s5_5.jpg,train
31_c3s1_10,31,gallery\31_c3s1_10.jpg,train
160_c1s5_2,160,gallery\160_c1s5_2.jpg,train
16_c6s2_6,16,gallery\16_c6s2_6.jpg,train
158_c3s4_18,158,gallery\158_c3s4_18.jpg,train
0_c6s6_3,0,gallery\0_c6s6_3.jpg,train
1_c4s5_7,1,gallery\1_c4s5_7.jpg,train
129_c3s2_5,129,gallery\129_c3s2_5.jpg,train
163_c2s4_4,163,gallery\163_c2s4_4.jpg,train
47_c1s2_2,47,gallery\47_c1s2_2.jpg,train
42_c6s3_0,42,gallery\42_c6s3_0.jpg,train
76_c1s1_4,76,gallery\76_c1s1_4.jpg,train
0_c6s4_2,0,gallery\0_c6s4_2.jpg,train
40_c6s1_5,40,gallery\40_c6s1_5.jpg,train
4_c3s2_4,4,gallery\4_c3s2_4.jpg,train
23_c1s2_6,23,gallery\23_c1s2_6.jpg,train
0_c3s3_8,0,gallery\0_c3s3_8.jpg,train
58_c1s2_1,58,gallery\58_c1s2_1.jpg,train
57_c3s3_0,57,gallery\57_c3s3_0.jpg,train
167_c2s2_20,167,gallery\167_c2s2_20.jpg,train
85_c1s1_4,85,gallery\85_c1s1_4.jpg,train
176_c4s3_0,176,gallery\176_c4s3_0.jpg,train
35_c5s3_6,35,gallery\35_c5s3_6.jpg,train
23_c3s1_1,23,gallery\23_c3s1_1.jpg,train
35_c2s1_5,35,gallery\35_c2s1_5.jpg,train
107_c2s2_4,107,gallery\107_c2s2_4.jpg,train
112_c5s4_4,112,gallery\112_c5s4_4.jpg,train
147_c5s2_5,147,gallery\147_c5s2_5.jpg,train
93_c3s2_7,93,gallery\93_c3s2_7.jpg,train
99_c6s4_0,99,gallery\99_c6s4_0.jpg,train
10_c5s4_7,10,gallery\10_c5s4_7.jpg,train
97_c1s2_4,97,gallery\97_c1s2_4.jpg,train
109_c1s2_4,109,gallery\109_c1s2_4.jpg,train
160_c1s4_6,160,gallery\160_c1s4_6.jpg,train
62_c1s4_2,62,gallery\62_c1s4_2.jpg,train
79_c3s1_2,79,gallery\79_c3s1_2.jpg,train
57_c3s2_1,57,gallery\57_c3s2_1.jpg,train
162_c1s5_3,162,gallery\162_c1s5_3.jpg,train
62_c4s4_8,62,gallery\62_c4s4_8.jpg,train
189_c1s2_6,189,gallery\189_c1s2_6.jpg,train
72_c5s6_8,72,gallery\72_c5s6_8.jpg,train
173_c5s2_8,173,gallery\173_c5s2_8.jpg,train
120_c2s5_0,120,gallery\120_c2s5_0.jpg,train
105_c3s2_4,105,gallery\105_c3s2_4.jpg,train
59_c5s6_7,59,gallery\59_c5s6_7.jpg,train
23_c1s3_0,23,gallery\23_c1s3_0.jpg,train
85_c6s2_3,85,gallery\85_c6s2_3.jpg,train
98_c2s3_4,98,gallery\98_c2s3_4.jpg,train
1_c2s2_6,1,gallery\1_c2s2_6.jpg,train
72_c2s4_2,72,gallery\72_c2s4_2.jpg,train
8_c5s1_1,8,gallery\8_c5s1_1.jpg,train
76_c3s4_9,76,gallery\76_c3s4_9.jpg,train
185_c6s2_5,185,gallery\185_c6s2_5.jpg,train
17_c3s2_13,17,gallery\17_c3s2_13.jpg,train
59_c1s5_6,59,gallery\59_c1s5_6.jpg,train
179_c6s4_8,179,gallery\179_c6s4_8.jpg,train
18_c2s6_4,18,gallery\18_c2s6_4.jpg,train
162_c2s1_12,162,gallery\162_c2s1_12.jpg,train
77_c1s4_7,77,gallery\77_c1s4_7.jpg,train
77_c4s1_1,77,gallery\77_c4s1_1.jpg,train
9_c4s4_2,9,gallery\9_c4s4_2.jpg,train
1_c5s2_1,1,gallery\1_c5s2_1.jpg,train
55_c4s2_4,55,gallery\55_c4s2_4.jpg,train
20_c3s2_4,20,gallery\20_c3s2_4.jpg,train
92_c1s1_3,92,gallery\92_c1s1_3.jpg,train
162_c2s2_14,162,gallery\162_c2s2_14.jpg,train
72_c2s1_0,72,gallery\72_c2s1_0.jpg,train
53_c1s4_1,53,gallery\53_c1s4_1.jpg,train
152_c4s3_1,152,gallery\152_c4s3_1.jpg,train
40_c6s1_9,40,gallery\40_c6s1_9.jpg,train
113_c5s5_9,113,gallery\113_c5s5_9.jpg,train
40_c2s5_1,40,gallery\40_c2s5_1.jpg,train
50_c1s4_7,50,gallery\50_c1s4_7.jpg,train
167_c6s6_1,167,gallery\167_c6s6_1.jpg,train
137_c4s1_6,137,gallery\137_c4s1_6.jpg,train
93_c6s2_2,93,gallery\93_c6s2_2.jpg,train
162_c6s2_0,162,gallery\162_c6s2_0.jpg,train
75_c4s3_0,75,gallery\75_c4s3_0.jpg,train
119_c6s2_2,119,gallery\119_c6s2_2.jpg,train
93_c1s1_0,93,gallery\93_c1s1_0.jpg,train
13_c3s1_6,13,gallery\13_c3s1_6.jpg,train
61_c3s5_1,61,gallery\61_c3s5_1.jpg,train
107_c6s5_2,107,gallery\107_c6s5_2.jpg,train
176_c2s1_9,176,gallery\176_c2s1_9.jpg,train
83_c5s4_8,83,gallery\83_c5s4_8.jpg,train
113_c1s5_4,113,gallery\113_c1s5_4.jpg,train
41_c2s3_1,41,gallery\41_c2s3_1.jpg,train
161_c6s3_0,161,gallery\161_c6s3_0.jpg,train
1_c3s4_4,1,gallery\1_c3s4_4.jpg,train
157_c3s2_1,157,gallery\157_c3s2_1.jpg,train
87_c3s2_0,87,gallery\87_c3s2_0.jpg,train
62_c1s1_9,62,gallery\62_c1s1_9.jpg,train
18_c3s1_0,18,gallery\18_c3s1_0.jpg,train
185_c5s3_9,185,gallery\185_c5s3_9.jpg,train
83_c3s2_5,83,gallery\83_c3s2_5.jpg,train
79_c6s2_2,79,gallery\79_c6s2_2.jpg,train
34_c2s3_7,34,gallery\34_c2s3_7.jpg,train
92_c5s5_6,92,gallery\92_c5s5_6.jpg,train
158_c1s1_17,158,gallery\158_c1s1_17.jpg,train
157_c1s3_6,157,gallery\157_c1s3_6.jpg,train
163_c6s6_6,163,gallery\163_c6s6_6.jpg,train
176_c6s4_12,176,gallery\176_c6s4_12.jpg,train
179_c6s3_1,179,gallery\179_c6s3_1.jpg,train
36_c6s4_5,36,gallery\36_c6s4_5.jpg,train
53_c4s3_2,53,gallery\53_c4s3_2.jpg,train
72_c3s5_4,72,gallery\72_c3s5_4.jpg,train
9_c4s5_3,9,gallery\9_c4s5_3.jpg,train
167_c6s5_0,167,gallery\167_c6s5_0.jpg,train
91_c4s4_8,91,gallery\91_c4s4_8.jpg,train
111_c4s5_0,111,gallery\111_c4s5_0.jpg,train
173_c6s5_4,173,gallery\173_c6s5_4.jpg,train
146_c1s3_2,146,gallery\146_c1s3_2.jpg,test
180_c1s6_3,180,gallery\180_c1s6_3.jpg,test
57_c3s1_4,57,gallery\57_c3s1_4.jpg,test
147_c1s5_6,147,gallery\147_c1s5_6.jpg,test
58_c1s6_4,58,gallery\58_c1s6_4.jpg,test
52_c3s1_3,52,gallery\52_c3s1_3.jpg,test
161_c2s5_11,161,gallery\161_c2s5_11.jpg,test
84_c1s2_5,84,gallery\84_c1s2_5.jpg,test
83_c4s1_4,83,gallery\83_c4s1_4.jpg,test
62_c3s2_5,62,gallery\62_c3s2_5.jpg,test
9_c1s5_1,9,gallery\9_c1s5_1.jpg,test
114_c5s1_9,114,gallery\114_c5s1_9.jpg,test
170_c1s4_15,170,gallery\170_c1s4_15.jpg,test
86_c4s2_3,86,gallery\86_c4s2_3.jpg,test
170_c2s5_1,170,gallery\170_c2s5_1.jpg,test
173_c1s6_1,173,gallery\173_c1s6_1.jpg,test
54_c4s5_3,54,gallery\54_c4s5_3.jpg,test
79_c3s1_5,79,gallery\79_c3s1_5.jpg,test
98_c5s4_5,98,gallery\98_c5s4_5.jpg,test
93_c5s3_1,93,gallery\93_c5s3_1.jpg,test
69_c6s5_8,69,gallery\69_c6s5_8.jpg,test
40_c6s4_4,40,gallery\40_c6s4_4.jpg,test
0_c4s1_9,0,gallery\0_c4s1_9.jpg,test
23_c4s4_7,23,gallery\23_c4s4_7.jpg,test
87_c4s2_6,87,gallery\87_c4s2_6.jpg,test
164_c1s5_1,164,gallery\164_c1s5_1.jpg,test
23_c4s4_4,23,gallery\23_c4s4_4.jpg,test
58_c3s1_6,58,gallery\58_c3s1_6.jpg,test
42_c6s2_4,42,gallery\42_c6s2_4.jpg,test
163_c1s6_7,163,gallery\163_c1s6_7.jpg,test
37_c1s3_4,37,gallery\37_c1s3_4.jpg,test
190_c6s2_8,190,gallery\190_c6s2_8.jpg,test
137_c1s3_3,137,gallery\137_c1s3_3.jpg,test
75_c5s3_10,75,gallery\75_c5s3_10.jpg,test
64_c2s4_5,64,gallery\64_c2s4_5.jpg,test
158_c5s6_19,158,gallery\158_c5s6_19.jpg,test
92_c6s6_7,92,gallery\92_c6s6_7.jpg,test
98_c6s3_8,98,gallery\98_c6s3_8.jpg,test
53_c2s1_8,53,gallery\53_c2s1_8.jpg,test
97_c1s1_1,97,gallery\97_c1s1_1.jpg,test
77_c2s6_4,77,gallery\77_c2s6_4.jpg,test
35_c3s4_3,35,gallery\35_c3s4_3.jpg,test
112_c1s6_8,112,gallery\112_c1s6_8.jpg,test
107_c2s6_7,107,gallery\107_c2s6_7.jpg,test
189_c3s3_3,189,gallery\189_c3s3_3.jpg,test
36_c5s5_8,36,gallery\36_c5s5_8.jpg,test
147_c3s4_8,147,gallery\147_c3s4_8.jpg,test
99_c3s3_3,99,gallery\99_c3s3_3.jpg,test
52_c6s5_2,52,gallery\52_c6s5_2.jpg,test
10_c2s4_6,10,gallery\10_c2s4_6.jpg,test
112_c1s3_0,112,gallery\112_c1s3_0.jpg,test
167_c4s4_7,167,gallery\167_c4s4_7.jpg,test
4_c3s4_7,4,gallery\4_c3s4_7.jpg,test
124_c5s2_4,124,gallery\124_c5s2_4.jpg,test
8_c1s5_1,8,gallery\8_c1s5_1.jpg,test
173_c5s3_6,173,gallery\173_c5s3_6.jpg,test
20_c6s5_7,20,gallery\20_c6s5_7.jpg,test
10_c4s1_3,10,gallery\10_c4s1_3.jpg,test
39_c4s4_9,39,gallery\39_c4s4_9.jpg,test
13_c5s2_3,13,gallery\13_c5s2_3.jpg,test
116_c4s5_0,116,gallery\116_c4s5_0.jpg,test
158_c2s2_22,158,gallery\158_c2s2_22.jpg,test
72_c4s1_3,72,gallery\72_c4s1_3.jpg,test
76_c5s6_1,76,gallery\76_c5s6_1.jpg,test
156_c1s2_0,156,gallery\156_c1s2_0.jpg,test
41_c6s5_7,41,gallery\41_c6s5_7.jpg,test
50_c5s6_4,50,gallery\50_c5s6_4.jpg,test
114_c4s1_7,114,gallery\114_c4s1_7.jpg,test
166_c1s1_7,166,gallery\166_c1s1_7.jpg,test
11_c3s2_1,11,gallery\11_c3s2_1.jpg,test
167_c1s2_17,167,gallery\167_c1s2_17.jpg,test
3_c1s5_7,3,gallery\3_c1s5_7.jpg,test
106_c4s6_1,106,gallery\106_c4s6_1.jpg,test
36_c2s1_7,36,gallery\36_c2s1_7.jpg,test
173_c5s3_9,173,gallery\173_c5s3_9.jpg,test
40_c1s2_2,40,gallery\40_c1s2_2.jpg,test
111_c2s1_2,111,gallery\111_c2s1_2.jpg,test
34_c2s1_6,34,gallery\34_c2s1_6.jpg,test
23_c2s1_0,23,gallery\23_c2s1_0.jpg,test
76_c1s3_0,76,gallery\76_c1s3_0.jpg,test
107_c2s5_3,107,gallery\107_c2s5_3.jpg,test
112_c3s2_6,112,gallery\112_c3s2_6.jpg,test
85_c5s2_0,85,gallery\85_c5s2_0.jpg,test
87_c3s5_8,87,gallery\87_c3s5_8.jpg,test
129_c1s2_0,129,gallery\129_c1s2_0.jpg,test
3_c1s6_8,3,gallery\3_c1s6_8.jpg,test
69_c4s2_6,69,gallery\69_c4s2_6.jpg,test
54_c1s6_4,54,gallery\54_c1s6_4.jpg,test
98_c5s5_7,98,gallery\98_c5s5_7.jpg,test
7_c5s4_7,7,gallery\7_c5s4_7.jpg,test
116_c3s6_3,116,gallery\116_c3s6_3.jpg,test
111_c2s4_6,111,gallery\111_c2s4_6.jpg,test
92_c3s3_0,92,gallery\92_c3s3_0.jpg,test
8_c4s4_2,8,gallery\8_c4s4_2.jpg,test
40_c3s4_6,40,gallery\40_c3s4_6.jpg,test
114_c2s4_0,114,gallery\114_c2s4_0.jpg,test
41_c3s5_5,41,gallery\41_c3s5_5.jpg,test
179_c4s6_3,179,gallery\179_c4s6_3.jpg,test
67_c3s1_6,67,gallery\67_c3s1_6.jpg,test
4_c3s2_3,4,gallery\4_c3s2_3.jpg,test
20_c5s2_6,20,gallery\20_c5s2_6.jpg,test
156_c2s5_4,156,gallery\156_c2s5_4.jpg,test
32_c1s4_8,32,gallery\32_c1s4_8.jpg,test
164_c1s2_8,164,gallery\164_c1s2_8.jpg,test
9_c5s1_7,9,gallery\9_c5s1_7.jpg,test
166_c4s4_11,166,query\166_c4s4_11.jpg,train
35_c3s4_1,35,query\35_c3s4_1.jpg,train
184_c4s6_10,184,query\184_c4s6_10.jpg,train
167_c3s6_5,167,query\167_c3s6_5.jpg,train
129_c4s5_4,129,query\129_c4s5_4.jpg,train
113_c3s6_6,113,query\113_c3s6_6.jpg,train
53_c2s5_0,53,query\53_c2s5_0.jpg,train
67_c3s2_3,67,query\67_c3s2_3.jpg,train
55_c2s6_7,55,query\55_c2s6_7.jpg,train
167_c5s2_23,167,query\167_c5s2_23.jpg,train
1_c3s2_0,1,query\1_c3s2_0.jpg,train
92_c4s3_2,92,query\92_c4s3_2.jpg,train
84_c6s5_6,84,query\84_c6s5_6.jpg,train
156_c2s3_7,156,query\156_c2s3_7.jpg,train
162_c4s1_13,162,query\162_c4s1_13.jpg,train
18_c1s2_8,18,query\18_c1s2_8.jpg,train
107_c6s6_0,107,query\107_c6s6_0.jpg,train
164_c6s3_4,164,query\164_c6s3_4.jpg,train
20_c3s1_0,20,query\20_c3s1_0.jpg,train
137_c2s6_9,137,query\137_c2s6_9.jpg,train
38_c1s3_7,38,query\38_c1s3_7.jpg,train
180_c3s3_14,180,query\180_c3s3_14.jpg,train
9_c3s2_3,9,query\9_c3s2_3.jpg,train
17_c4s5_14,17,query\17_c4s5_14.jpg,train
125_c1s2_6,125,query\125_c1s2_6.jpg,train
109_c1s1_1,109,query\109_c1s1_1.jpg,train
74_c4s5_7,74,query\74_c4s5_7.jpg,train
8_c3s6_5,8,query\8_c3s6_5.jpg,train
91_c5s6_6,91,query\91_c5s6_6.jpg,train
147_c6s5_14,147,query\147_c6s5_14.jpg,train
76_c3s4_2,76,query\76_c3s4_2.jpg,train
146_c1_s3,146,query\146_c1_s3.jpg,train
161_c2s4_9,161,query\161_c2s4_9.jpg,train
57_c4s6_9,57,query\57_c4s6_9.jpg,train
1_c5s5_2,1,query\1_c5s5_2.jpg,train
52_c3s5_1,52,query\52_c3s5_1.jpg,train
13_c4s2_1,13,query\13_c4s2_1.jpg,train
32_c4s2_6,32,query\32_c4s2_6.jpg,train
37_c1s3_8,37,query\37_c1s3_8.jpg,train
189_c1s5_10,189,query\189_c1s5_10.jpg,train
61_c1s2_6,61,query\61_c1s2_6.jpg,train
23_c2s3_7,23,query\23_c2s3_7.jpg,train
86_c1s3_6,86,query\86_c1s3_6.jpg,train
120_c1s3_1,120,query\120_c1s3_1.jpg,train
85_c1s4_1,85,query\85_c1s4_1.jpg,train
23_c5s3_2,23,query\23_c5s3_2.jpg,train
157_c5s5_0,157,query\157_c5s5_0.jpg,train
4_c2s5_0,4,query\4_c2s5_0.jpg,train
111_c6s5_7,111,query\111_c6s5_7.jpg,train
173_c1s1_3,173,query\173_c1s1_3.jpg,train
185_c1s4_10,185,query\185_c1s4_10.jpg,train
158_c3s3_20,158,query\158_c3s3_20.jpg,train
176_c3s1_4,176,query\176_c3s1_4.jpg,train
98_c5s2_0,98,query\98_c5s2_0.jpg,train
83_c6s3_0,83,query\83_c6s3_0.jpg,train
99_c6s5_7,99,query\99_c6s5_7.jpg,train
11_c5s3_6,11,query\11_c5s3_6.jpg,train
170_c2s5_9,170,query\170_c2s5_9.jpg,train
152_c3s1_3,152,query\152_c3s1_3.jpg,train
190_c6s5_9,190,query\190_c6s5_9.jpg,train
47_c2s3_5,47,query\47_c2s3_5.jpg,train
77_c1s6_0,77,query\77_c1s6_0.jpg,train
59_c1s3_4,59,query\59_c1s3_4.jpg,train
124_c5s6_7,124,query\124_c5s6_7.jpg,train
34_c6s2_0,34,query\34_c6s2_0.jpg,train
183_c4s2_9,183,query\183_c4s2_9.jpg,train
106_c1s4_4,106,query\106_c1s4_4.jpg,train
69_c6s2_2,69,query\69_c6s2_2.jpg,train
58_c5s2_2,58,query\58_c5s2_2.jpg,train
31_c3s3_13,31,query\31_c3s3_13.jpg,train
40_c4s4_0,40,query\40_c4s4_0.jpg,train
36_c4s5_0,36,query\36_c4s5_0.jpg,train
10_c4s5_3,10,query\10_c4s5_3.jpg,train
16_c3s4_0,16,query\16_c3s4_0.jpg,train
64_c3s4_3,64,query\64_c3s4_3.jpg,train
39_c5s2_6,39,query\39_c5s2_6.jpg,train
0_c4s6_4,0,query\0_c4s6_4.jpg,train
87_c6s3_9,87,query\87_c6s3_9.jpg,train
179_c2s5_5,179,query\179_c2s5_5.jpg,train
0_c5s6_5,0,query\0_c5s6_5.jpg,train
114_c2s1_3,114,query\114_c2s1_3.jpg,train
50_c5s4_5,50,query\50_c5s4_5.jpg,train
42_c5s6_5,42,query\42_c5s6_5.jpg,train
0_c2s2_6,0,query\0_c2s2_6.jpg,test
76_c4s5_6,76,query\76_c4s5_6.jpg,test
163_c5s4_0,163,query\163_c5s4_0.jpg,test
7_c5s6_5,7,query\7_c5s6_5.jpg,test
93_c6s2_8,93,query\93_c6s2_8.jpg,test
54_c4s1_4,54,query\54_c4s1_4.jpg,test
31_c1s2_4,31,query\31_c1s2_4.jpg,test
3_c3s2_3,3,query\3_c3s2_3.jpg,test
116_c2s3_1,116,query\116_c2s3_1.jpg,test
75_c6s4_12,75,query\75_c6s4_12.jpg,test
3_c2s5_0,3,query\3_c2s5_0.jpg,test
79_c2s3_7,79,query\79_c2s3_7.jpg,test
119_c4s1_5,119,query\119_c4s1_5.jpg,test
72_c1s5_1,72,query\72_c1s5_1.jpg,test
89_c6s3_1,89,query\89_c6s3_1.jpg,test
97_c4s3_9,97,query\97_c4s3_9.jpg,test
62_c6s4_0,62,query\62_c6s4_0.jpg,test
41_c3s1_4,41,query\41_c3s1_4.jpg,test
112_c1s6_5,112,query\112_c1s6_5.jpg,test
160_c1s5_8,160,query\160_c1s5_8.jpg,test
105_c5s5_5,105,query\105_c5s5_5.jpg,test
14_c5s5_2,14,train\14_c5s5_2.jpg,train
19_c3s3_1,19,train\19_c3s3_1.jpg,train
145_c3s5_8,145,train\145_c3s5_8.jpg,train
56_c6s6_0,56,train\56_c6s6_0.jpg,train
33_c5s3_6,33,train\33_c5s3_6.jpg,train
130_c1s3_5,130,train\130_c1s3_5.jpg,train
145_c4s6_5,145,train\145_c4s6_5.jpg,train
123_c4s1_5,123,train\123_c4s1_5.jpg,train
169_c3s2_11,169,train\169_c3s2_11.jpg,train
140_c3s4_0,140,train\140_c3s4_0.jpg,train
108_c4s5_9,108,train\108_c4s5_9.jpg,train
29_c6s6_5,29,train\29_c6s6_5.jpg,train
103_c6s3_3,103,train\103_c6s3_3.jpg,train
78_c6s4_6,78,train\78_c6s4_6.jpg,train
110_c4s6_0,110,train\110_c4s6_0.jpg,train
172_c3s6_13,172,train\172_c3s6_13.jpg,train
148_c3s3_12,148,train\148_c3s3_12.jpg,train
187_c6s6_9,187,train\187_c6s6_9.jpg,train
186_c4s4_4,186,train\186_c4s4_4.jpg,train
165_c6s5_12,165,train\165_c6s5_12.jpg,train
132_c5s6_0,132,train\132_c5s6_0.jpg,train
127_c2s3_3,127,train\127_c2s3_3.jpg,train
28_c2s4_3,28,train\28_c2s4_3.jpg,train
108_c2s1_7,108,train\108_c2s1_7.jpg,train
115_c1s4_7,115,train\115_c1s4_7.jpg,train
155_c6s2_8,155,train\155_c6s2_8.jpg,train
186_c2s6_6,186,train\186_c2s6_6.jpg,train
5_c3s6_7,5,train\5_c3s6_7.jpg,train
96_c2s1_9,96,train\96_c2s1_9.jpg,train
145_c2s6_2,145,train\145_c2s6_2.jpg,train
182_c3s5_12,182,train\182_c3s5_12.jpg,train
24_c3s3_3,24,train\24_c3s3_3.jpg,train
96_c6s3_2,96,train\96_c6s3_2.jpg,train
187_c3s1_4,187,train\187_c3s1_4.jpg,train
45_c5s1_7,45,train\45_c5s1_7.jpg,train
63_c2s1_5,63,train\63_c2s1_5.jpg,train
148_c2s5_15,148,train\148_c2s5_15.jpg,train
21_c1s6_9,21,train\21_c1s6_9.jpg,train
115_c5s5_9,115,train\115_c5s5_9.jpg,train
118_c2s5_1,118,train\118_c2s5_1.jpg,train
186_c5s6_2,186,train\186_c5s6_2.jpg,train
151_c6s2_9,151,train\151_c6s2_9.jpg,train
56_c5s3_2,56,train\56_c5s3_2.jpg,train
118_c1s4_7,118,train\118_c1s4_7.jpg,train
174_c2s2_15,174,train\174_c2s2_15.jpg,train
110_c6s2_0,110,train\110_c6s2_0.jpg,train
94_c3s6_1,94,train\94_c3s6_1.jpg,train
150_c6s6_5,150,train\150_c6s6_5.jpg,train
175_c6s5_2,175,train\175_c6s5_2.jpg,train
178_c1s6_15,178,train\178_c1s6_15.jpg,train
44_c1s1_2,44,train\44_c1s1_2.jpg,train
80_c4s4_1,80,train\80_c4s4_1.jpg,train
132_c2s5_6,132,train\132_c2s5_6.jpg,train
65_c2s5_12,65,train\65_c2s5_12.jpg,train
25_c2s3_7,25,train\25_c2s3_7.jpg,train
133_c4s4_3,133,train\133_c4s4_3.jpg,train
181_c4s5_7,181,train\181_c4s5_7.jpg,train
145_c1s5_8,145,train\145_c1s5_8.jpg,train
122_c6s2_4,122,train\122_c6s2_4.jpg,train
19_c4s3_8,19,train\19_c4s3_8.jpg,train
46_c3s3_7,46,train\46_c3s3_7.jpg,train
133_c4s6_2,133,train\133_c4s6_2.jpg,train
145_c2s3_0,145,train\145_c2s3_0.jpg,train
60_c2s4_0,60,train\60_c2s4_0.jpg,train
71_c4s6_7,71,train\71_c4s6_7.jpg,train
14_c6s6_0,14,train\14_c6s6_0.jpg,train
100_c3s2_2,100,train\100_c3s2_2.jpg,train
148_c3s4_10,148,train\148_c3s4_10.jpg,train
80_c6s2_2,80,train\80_c6s2_2.jpg,train
131_c3s6_4,131,train\131_c3s6_4.jpg,train
150_c2s3_2,150,train\150_c2s3_2.jpg,train
172_c2s6_9,172,train\172_c2s6_9.jpg,train
14_c2s6_6,14,train\14_c2s6_6.jpg,train
100_c3s5_8,100,train\100_c3s5_8.jpg,train
78_c4s5_3,78,train\78_c4s5_3.jpg,train
14_c1s4_5,14,train\14_c1s4_5.jpg,train
155_c3s1_1,155,train\155_c3s1_1.jpg,train
135_c4s6_8,135,train\135_c4s6_8.jpg,train
73_c1s6_6,73,train\73_c1s6_6.jpg,train
181_c4s4_14,181,train\181_c4s4_14.jpg,train
44_c5s5_1,44,train\44_c5s5_1.jpg,train
171_c4s5_2,171,train\171_c4s5_2.jpg,train
168_c5s2_5,168,train\168_c5s2_5.jpg,train
136_c2s5_0,136,train\136_c2s5_0.jpg,train
178_c1s3_10,178,train\178_c1s3_10.jpg,train
134_c2s5_8,134,train\134_c2s5_8.jpg,train
108_c6s5_0,108,train\108_c6s5_0.jpg,train
150_c1s2_10,150,train\150_c1s2_10.jpg,train
51_c4s6_7,51,train\51_c4s6_7.jpg,train
150_c2s4_0,150,train\150_c2s4_0.jpg,train
81_c4s5_8,81,train\81_c4s5_8.jpg,train
165_c2s1_9,165,train\165_c2s1_9.jpg,train
159_c3s5_9,159,train\159_c3s5_9.jpg,train
43_c2s5_6,43,train\43_c2s5_6.jpg,train
135_c5s5_5,135,train\135_c5s5_5.jpg,train
100_c1s6_1,100,train\100_c1s6_1.jpg,train
171_c5s5_3,171,train\171_c5s5_3.jpg,train
88_c4s3_0,88,train\88_c4s3_0.jpg,train
68_c4s5_0,68,train\68_c4s5_0.jpg,train
78_c1s3_4,78,train\78_c1s3_4.jpg,train
145_c2s4_0,145,train\145_c2s4_0.jpg,train
140_c4s6_6,140,train\140_c4s6_6.jpg,train
5_c3s4_8,5,train\5_c3s4_8.jpg,train
48_c3s2_2,48,train\48_c3s2_2.jpg,train
43_c2s2_5,43,train\43_c2s2_5.jpg,train
165_c4s4_1,165,train\165_c4s4_1.jpg,train
131_c4s1_4,131,train\131_c4s1_4.jpg,train
149_c4s4_1,149,train\149_c4s4_1.jpg,train
174_c4s4_14,174,train\174_c4s4_14.jpg,train
145_c4s4_6,145,train\145_c4s4_6.jpg,train
29_c2s3_6,29,train\29_c2s3_6.jpg,train
88_c3s3_4,88,train\88_c3s3_4.jpg,train
29_c6s6_2,29,train\29_c6s6_2.jpg,train
110_c1s2_4,110,train\110_c1s2_4.jpg,train
73_c1s5_8,73,train\73_c1s5_8.jpg,train
149_c1s2_14,149,train\149_c1s2_14.jpg,train
130_c3s2_1,130,train\130_c3s2_1.jpg,train
30_c5s3_2,30,train\30_c5s3_2.jpg,train
130_c5s5_4,130,train\130_c5s5_4.jpg,train
174_c2s3_6,174,train\174_c2s3_6.jpg,train
95_c6s3_4,95,train\95_c6s3_4.jpg,train
66_c1s5_0,66,train\66_c1s5_0.jpg,train
68_c6s3_1,68,train\68_c6s3_1.jpg,train
43_c1s2_7,43,train\43_c1s2_7.jpg,train
132_c4s4_2,132,train\132_c4s4_2.jpg,train
169_c3s4_15,169,train\169_c3s4_15.jpg,train
71_c4s2_4,71,train\71_c4s2_4.jpg,train
66_c6s2_7,66,train\66_c6s2_7.jpg,train
29_c3s6_9,29,train\29_c3s6_9.jpg,train
14_c2s2_5,14,train\14_c2s2_5.jpg,train
149_c3s3_6,149,train\149_c3s3_6.jpg,train
143_c4s5_5,143,train\143_c4s5_5.jpg,train
188_c1s2_8,188,train\188_c1s2_8.jpg,train
126_c1s3_4,126,train\126_c1s3_4.jpg,train
159_c2s6_3,159,train\159_c2s6_3.jpg,train
131_c6s4_7,131,train\131_c6s4_7.jpg,train
182_c2s6_1,182,train\182_c2s6_1.jpg,train
56_c1s6_1,56,train\56_c1s6_1.jpg,train
130_c4s4_3,130,train\130_c4s4_3.jpg,train
45_c3s2_5,45,train\45_c3s2_5.jpg,train
19_c4s1_12,19,train\19_c4s1_12.jpg,train
136_c6s3_5,136,train\136_c6s3_5.jpg,train
104_c3s2_4,104,train\104_c3s2_4.jpg,train
100_c5s1_3,100,train\100_c5s1_3.jpg,train
96_c2s5_8,96,train\96_c2s5_8.jpg,train
65_c6s6_11,65,train\65_c6s6_11.jpg,train
88_c3s3_6,88,train\88_c3s3_6.jpg,train
51_c1s1_0,51,train\51_c1s1_0.jpg,train
71_c4s5_5,71,train\71_c4s5_5.jpg,train
117_c2s6_3,117,train\117_c2s6_3.jpg,train
177_c4s1_10,177,train\177_c4s1_10.jpg,train
177_c3s6_6,177,train\177_c3s6_6.jpg,train
182_c2s4_14,182,train\182_c2s4_14.jpg,train
2_c6s1_9,2,train\2_c6s1_9.jpg,train
187_c6s5_5,187,train\187_c6s5_5.jpg,train
82_c4s1_8,82,train\82_c4s1_8.jpg,train
171_c6s3_8,171,train\171_c6s3_8.jpg,train
66_c5s5_2,66,train\66_c5s5_2.jpg,train
165_c6s2_11,165,train\165_c6s2_11.jpg,train
128_c3s1_6,128,train\128_c3s1_6.jpg,train
127_c4s6_0,127,train\127_c4s6_0.jpg,train
151_c1s3_6,151,train\151_c1s3_6.jpg,train
2_c2s6_3,2,train\2_c2s6_3.jpg,train
102_c1s3_4,102,train\102_c1s3_4.jpg,train
49_c4s4_4,49,train\49_c4s4_4.jpg,train
21_c5s2_3,21,train\21_c5s2_3.jpg,train
134_c4s4_2,134,train\134_c4s4_2.jpg,train
126_c2s2_6,126,train\126_c2s2_6.jpg,train
94_c6s3_5,94,train\94_c6s3_5.jpg,train
133_c2s1_7,133,train\133_c2s1_7.jpg,train
139_c1s6_5,139,train\139_c1s6_5.jpg,train
127_c6s1_7,127,train\127_c6s1_7.jpg,train
169_c1s1_12,169,train\169_c1s1_12.jpg,train
6_c4s6_2,6,train\6_c4s6_2.jpg,train
187_c3s1_7,187,train\187_c3s1_7.jpg,train
187_c2s4_10,187,train\187_c2s4_10.jpg,train
95_c3s2_3,95,train\95_c3s2_3.jpg,train
181_c4s5_8,181,train\181_c4s5_8.jpg,train
117_c2s5_1,117,train\117_c2s5_1.jpg,train
133_c5s4_8,133,train\133_c5s4_8.jpg,train
63_c2s3_7,63,train\63_c2s3_7.jpg,train
48_c4s6_8,48,train\48_c4s6_8.jpg,train
104_c1s5_8,104,train\104_c1s5_8.jpg,train
117_c3s2_1,117,train\117_c3s2_1.jpg,train
78_c1s1_8,78,train\78_c1s1_8.jpg,train
12_c5s1_1,12,train\12_c5s1_1.jpg,train
171_c6s6_5,171,train\171_c6s6_5.jpg,train
65_c1s1_9,65,train\65_c1s1_9.jpg,train
134_c5s5_1,134,train\134_c5s5_1.jpg,train
122_c2s6_2,122,train\122_c2s6_2.jpg,train
45_c3s5_3,45,train\45_c3s5_3.jpg,train
27_c6s6_3,27,train\27_c6s6_3.jpg,train
123_c1s3_0,123,train\123_c1s3_0.jpg,train
78_c2s2_0,78,train\78_c2s2_0.jpg,train
139_c5s1_3,139,train\139_c5s1_3.jpg,train
108_c5s6_4,108,train\108_c5s6_4.jpg,train
90_c5s1_5,90,train\90_c5s1_5.jpg,train
104_c4s4_7,104,train\104_c4s4_7.jpg,train
101_c3s3_8,101,train\101_c3s3_8.jpg,train
15_c2s4_0,15,train\15_c2s4_0.jpg,train
104_c4s6_5,104,train\104_c4s6_5.jpg,train
145_c5s1_3,145,train\145_c5s1_3.jpg,train
68_c3s4_2,68,train\68_c3s4_2.jpg,train
88_c2s6_2,88,train\88_c2s6_2.jpg,train
51_c6s5_2,51,train\51_c6s5_2.jpg,train
65_c3s3_7,65,train\65_c3s3_7.jpg,train
150_c1s4_4,150,train\150_c1s4_4.jpg,train
126_c1s6_3,126,train\126_c1s6_3.jpg,train
108_c3s5_2,108,train\108_c3s5_2.jpg,train
96_c5s3_8,96,train\96_c5s3_8.jpg,train
136_c5s2_9,136,train\136_c5s2_9.jpg,train
25_c2s4_3,25,train\25_c2s4_3.jpg,train
81_c2s1_0,81,train\81_c2s1_0.jpg,train
145_c3s2_2,145,train\145_c3s2_2.jpg,train
138_c3s6_8,138,train\138_c3s6_8.jpg,train
149_c5s1_7,149,train\149_c5s1_7.jpg,train
154_c1s4_7,154,train\154_c1s4_7.jpg,train
117_c3s4_5,117,train\117_c3s4_5.jpg,train
19_c1s1_11,19,train\19_c1s1_11.jpg,train
175_c1s5_7,175,train\175_c1s5_7.jpg,train
150_c3s1_14,150,train\150_c3s1_14.jpg,train
151_c5s5_10,151,train\151_c5s5_10.jpg,train
151_c3s5_4,151,train\151_c3s5_4.jpg,train
118_c4s3_3,118,train\118_c4s3_3.jpg,train
33_c1s6_0,33,train\33_c1s6_0.jpg,train
182_c4s5_0,182,train\182_c4s5_0.jpg,train
43_c4s5_1,43,train\43_c4s5_1.jpg,train
14_c4s5_6,14,train\14_c4s5_6.jpg,train
188_c5s6_4,188,train\188_c5s6_4.jpg,train
178_c6s1_0,178,train\178_c6s1_0.jpg,train
80_c2s3_7,80,train\80_c2s3_7.jpg,train
148_c2s1_3,148,train\148_c2s1_3.jpg,train
182_c2s1_6,182,train\182_c2s1_6.jpg,train
188_c2s2_7,188,train\188_c2s2_7.jpg,train
95_c1s1_1,95,train\95_c1s1_1.jpg,train
71_c4s1_3,71,train\71_c4s1_3.jpg,train
177_c5s2_12,177,train\177_c5s2_12.jpg,train
142_c2s5_12,142,train\142_c2s5_12.jpg,train
123_c6s6_4,123,train\123_c6s6_4.jpg,train
174_c6s4_4,174,train\174_c6s4_4.jpg,train
117_c2s2_6,117,train\117_c2s2_6.jpg,train
45_c3s6_4,45,train\45_c3s6_4.jpg,train
138_c4s3_2,138,train\138_c4s3_2.jpg,train
140_c2s4_3,140,train\140_c2s4_3.jpg,train
132_c5s3_9,132,train\132_c5s3_9.jpg,train
28_c4s1_1,28,train\28_c4s1_1.jpg,train
186_c5s6_1,186,train\186_c5s6_1.jpg,train
151_c5s2_13,151,train\151_c5s2_13.jpg,train
80_c1s3_3,80,train\80_c1s3_3.jpg,train
175_c1s1_0,175,train\175_c1s1_0.jpg,train
128_c5s5_0,128,train\128_c5s5_0.jpg,train
150_c4s2_7,150,train\150_c4s2_7.jpg,train
144_c1s5_8,144,train\144_c1s5_8.jpg,train
44_c4s6_5,44,train\44_c4s6_5.jpg,train
103_c3s2_2,103,train\103_c3s2_2.jpg,train
117_c4s2_9,117,train\117_c4s2_9.jpg,train
14_c2s6_3,14,train\14_c2s6_3.jpg,train
65_c4s3_2,65,train\65_c4s3_2.jpg,train
100_c2s5_7,100,train\100_c2s5_7.jpg,train
48_c1s6_0,48,train\48_c1s6_0.jpg,train
132_c3s2_7,132,train\132_c3s2_7.jpg,train
126_c6s1_2,126,train\126_c6s1_2.jpg,train
102_c3s2_6,102,train\102_c3s2_6.jpg,train
159_c2s5_7,159,train\159_c2s5_7.jpg,train
110_c2s1_1,110,train\110_c2s1_1.jpg,train
30_c3s5_1,30,train\30_c3s5_1.jpg,train
181_c2s1_5,181,train\181_c2s1_5.jpg,train
110_c3s4_4,110,train\110_c3s4_4.jpg,train
24_c5s3_2,24,train\24_c5s3_2.jpg,train
96_c6s6_4,96,train\96_c6s6_4.jpg,train
182_c4s5_9,182,train\182_c4s5_9.jpg,train
181_c2s5_2,181,train\181_c2s5_2.jpg,train
21_c2s3_1,21,train\21_c2s3_1.jpg,train
153_c2s4_10,153,train\153_c2s4_10.jpg,train
2_c4s1_0,2,train\2_c4s1_0.jpg,train
30_c3s6_0,30,train\30_c3s6_0.jpg,train
169_c3s4_6,169,train\169_c3s4_6.jpg,train
169_c1s1_3,169,train\169_c1s1_3.jpg,train
135_c6s4_7,135,train\135_c6s4_7.jpg,train
103_c5s1_8,103,train\103_c5s1_8.jpg,train
73_c6s1_0,73,train\73_c6s1_0.jpg,train
149_c5s2_3,149,train\149_c5s2_3.jpg,train
181_c1s2_0,181,train\181_c1s2_0.jpg,train
28_c5s1_5,28,train\28_c5s1_5.jpg,train
165_c1s3_4,165,train\165_c1s3_4.jpg,train
169_c4s3_14,169,train\169_c4s3_14.jpg,train
88_c6s4_8,88,train\88_c6s4_8.jpg,train
14_c2s6_1,14,train\14_c2s6_1.jpg,train
118_c3s4_5,118,train\118_c3s4_5.jpg,train
139_c3s5_8,139,train\139_c3s5_8.jpg,train
177_c1s1_3,177,train\177_c1s1_3.jpg,train
101_c3s1_4,101,train\101_c3s1_4.jpg,train
139_c4s4_6,139,train\139_c4s4_6.jpg,train
104_c2s6_2,104,train\104_c2s6_2.jpg,train
172_c1s4_7,172,train\172_c1s4_7.jpg,train
175_c5s1_1,175,train\175_c5s1_1.jpg,train
131_c1s6_3,131,train\131_c1s6_3.jpg,train
104_c5s6_6,104,train\104_c5s6_6.jpg,train
12_c1s3_8,12,train\12_c1s3_8.jpg,train
178_c1s4_6,178,train\178_c1s4_6.jpg,train
21_c3s3_6,21,train\21_c3s3_6.jpg,train
126_c3s6_1,126,train\126_c3s6_1.jpg,train
177_c4s2_2,177,train\177_c4s2_2.jpg,train
2_c6s1_6,2,train\2_c6s1_6.jpg,train
24_c2s3_7,24,train\24_c2s3_7.jpg,train
140_c4s4_7,140,train\140_c4s4_7.jpg,train
127_c4s1_8,127,train\127_c4s1_8.jpg,train
178_c4s3_7,178,train\178_c4s3_7.jpg,train
138_c4s1_10,138,train\138_c4s1_10.jpg,train
145_c1s3_2,145,train\145_c1s3_2.jpg,train
182_c1s5_13,182,train\182_c1s5_13.jpg,train
165_c4s1_7,165,train\165_c4s1_7.jpg,train
178_c4s3_4,178,train\178_c4s3_4.jpg,train
5_c5s5_5,5,train\5_c5s5_5.jpg,train
169_c4s2_7,169,train\169_c4s2_7.jpg,train
148_c4s5_6,148,train\148_c4s5_6.jpg,train
148_c5s3_7,148,train\148_c5s3_7.jpg,train
143_c4s1_3,143,train\143_c4s1_3.jpg,train
141_c4s3_8,141,train\141_c4s3_8.jpg,train
96_c3s3_3,96,train\96_c3s3_3.jpg,train
110_c2s4_3,110,train\110_c2s4_3.jpg,train
121_c2s4_4,121,train\121_c2s4_4.jpg,train
165_c6s5_6,165,train\165_c6s5_6.jpg,train
169_c1s6_13,169,train\169_c1s6_13.jpg,train
128_c5s1_1,128,train\128_c5s1_1.jpg,train
29_c1s6_1,29,train\29_c1s6_1.jpg,train
131_c2s1_3,131,train\131_c2s1_3.jpg,train
182_c5s2_8,182,train\182_c5s2_8.jpg,train
122_c5s4_9,122,train\122_c5s4_9.jpg,train
88_c5s5_1,88,train\88_c5s5_1.jpg,train
131_c3s5_0,131,train\131_c3s5_0.jpg,train
149_c3s1_12,149,train\149_c3s1_12.jpg,train
66_c1s2_3,66,train\66_c1s2_3.jpg,train
136_c1s2_6,136,train\136_c1s2_6.jpg,train
175_c1s4_6,175,train\175_c1s4_6.jpg,train
187_c3s5_3,187,train\187_c3s5_3.jpg,train
178_c3s3_9,178,train\178_c3s3_9.jpg,train
82_c5s4_7,82,train\82_c5s4_7.jpg,train
136_c6s4_3,136,train\136_c6s4_3.jpg,train
186_c5s4_0,186,train\186_c5s4_0.jpg,train
140_c2s5_9,140,train\140_c2s5_9.jpg,train
134_c6s2_9,134,train\134_c6s2_9.jpg,train
131_c4s4_2,131,train\131_c4s4_2.jpg,train
149_c2s3_0,149,train\149_c2s3_0.jpg,train
22_c6s4_0,22,train\22_c6s4_0.jpg,train
188_c1s1_3,188,train\188_c1s1_3.jpg,train
94_c4s4_7,94,train\94_c4s4_7.jpg,train
174_c6s1_3,174,train\174_c6s1_3.jpg,train
29_c2s3_4,29,train\29_c2s3_4.jpg,train
108_c5s5_1,108,train\108_c5s5_1.jpg,train
171_c6s4_9,171,train\171_c6s4_9.jpg,train
118_c1s6_4,118,train\118_c1s6_4.jpg,train
136_c1s4_8,136,train\136_c1s4_8.jpg,train
81_c6s4_7,81,train\81_c6s4_7.jpg,train
27_c4s1_4,27,train\27_c4s1_4.jpg,train
60_c5s4_5,60,train\60_c5s4_5.jpg,train
177_c3s1_1,177,train\177_c3s1_1.jpg,train
138_c1s5_0,138,train\138_c1s5_0.jpg,train
65_c5s3_6,65,train\65_c5s3_6.jpg,train
144_c2s1_3,144,train\144_c2s1_3.jpg,train
25_c4s6_1,25,train\25_c4s6_1.jpg,train
145_c5s5_1,145,train\145_c5s5_1.jpg,train
28_c5s6_6,28,train\28_c5s6_6.jpg,train
182_c5s4_5,182,train\182_c5s4_5.jpg,train
12_c2s1_4,12,train\12_c2s1_4.jpg,train
153_c2s1_12,153,train\153_c2s1_12.jpg,train
71_c2s4_2,71,train\71_c2s4_2.jpg,train
187_c1s3_6,187,train\187_c1s3_6.jpg,train
24_c1s2_6,24,train\24_c1s2_6.jpg,train
68_c3s6_3,68,train\68_c3s6_3.jpg,train
155_c5s5_5,155,train\155_c5s5_5.jpg,train
122_c2s4_6,122,train\122_c2s4_6.jpg,train
110_c2s3_8,110,train\110_c2s3_8.jpg,train
90_c2s4_0,90,train\90_c2s4_0.jpg,train
66_c2s6_6,66,train\66_c2s6_6.jpg,train
6_c5s3_0,6,train\6_c5s3_0.jpg,train
151_c3s6_5,151,train\151_c3s6_5.jpg,train
145_c4s6_4,145,train\145_c4s6_4.jpg,train
153_c3s6_13,153,train\153_c3s6_13.jpg,train
2_c4s5_7,2,train\2_c4s5_7.jpg,train
56_c4s5_3,56,train\56_c4s5_3.jpg,train
132_c4s1_4,132,train\132_c4s1_4.jpg,train
132_c2s1_3,132,train\132_c2s1_3.jpg,train
131_c3s2_8,131,train\131_c3s2_8.jpg,train
118_c5s3_4,118,train\118_c5s3_4.jpg,train
66_c2s3_5,66,train\66_c2s3_5.jpg,train
177_c5s1_7,177,train\177_c5s1_7.jpg,train
186_c6s2_5,186,train\186_c6s2_5.jpg,train
46_c5s2_5,46,train\46_c5s2_5.jpg,train
181_c5s2_4,181,train\181_c5s2_4.jpg,train
130_c4s1_7,130,train\130_c4s1_7.jpg,train
150_c6s1_11,150,train\150_c6s1_11.jpg,train
28_c6s6_8,28,train\28_c6s6_8.jpg,train
159_c3s6_10,159,train\159_c3s6_10.jpg,train
148_c2s6_11,148,train\148_c2s6_11.jpg,train
122_c2s2_0,122,train\122_c2s2_0.jpg,train
19_c3s5_0,19,train\19_c3s5_0.jpg,train
123_c4s1_6,123,train\123_c4s1_6.jpg,train
51_c5s3_3,51,train\51_c5s3_3.jpg,train
51_c3s1_1,51,train\51_c3s1_1.jpg,train
186_c2s4_3,186,train\186_c2s4_3.jpg,train
117_c5s5_9,117,train\117_c5s5_9.jpg,train
141_c3s3_10,141,train\141_c3s3_10.jpg,train
171_c5s1_6,171,train\171_c5s1_6.jpg,train
154_c3s3_2,154,train\154_c3s3_2.jpg,train
71_c2s2_6,71,train\71_c2s2_6.jpg,train
81_c6s5_3,81,train\81_c6s5_3.jpg,train
19_c2s2_3,19,train\19_c2s2_3.jpg,train
165_c3s1_14,165,train\165_c3s1_14.jpg,train
33_c6s6_2,33,train\33_c6s6_2.jpg,train
165_c2s5_15,165,train\165_c2s5_15.jpg,train
96_c4s4_3,96,train\96_c4s4_3.jpg,train
65_c1s4_1,65,train\65_c1s4_1.jpg,train
171_c2s5_7,171,train\171_c2s5_7.jpg,train
21_c1s2_8,21,train\21_c1s2_8.jpg,train
25_c3s6_6,25,train\25_c3s6_6.jpg,train
46_c6s1_6,46,train\46_c6s1_6.jpg,train
96_c4s1_5,96,train\96_c4s1_5.jpg,train
82_c3s2_2,82,train\82_c3s2_2.jpg,train
145_c4s5_6,145,train\145_c4s5_6.jpg,train
135_c5s1_0,135,train\135_c5s1_0.jpg,train
81_c1s4_9,81,train\81_c1s4_9.jpg,train
101_c5s4_1,101,train\101_c5s4_1.jpg,train
49_c2s5_7,49,train\49_c2s5_7.jpg,train
5_c4s4_2,5,train\5_c4s4_2.jpg,train
151_c1s6_1,151,train\151_c1s6_1.jpg,train
80_c3s3_4,80,train\80_c3s3_4.jpg,train
80_c2s3_6,80,train\80_c2s3_6.jpg,train
169_c2s5_9,169,train\169_c2s5_9.jpg,train
60_c6s5_3,60,train\60_c6s5_3.jpg,train
2_c2s1_1,2,train\2_c2s1_1.jpg,train
126_c6s4_8,126,train\126_c6s4_8.jpg,train
134_c5s5_4,134,train\134_c5s5_4.jpg,train
73_c1s1_2,73,train\73_c1s1_2.jpg,train
5_c1s5_1,5,train\5_c1s5_1.jpg,train
117_c1s6_4,117,train\117_c1s6_4.jpg,train
96_c6s5_7,96,train\96_c6s5_7.jpg,train
101_c5s6_0,101,train\101_c5s6_0.jpg,train
131_c4s4_5,131,train\131_c4s4_5.jpg,train
63_c1s6_1,63,train\63_c1s6_1.jpg,train
88_c4s2_9,88,train\88_c4s2_9.jpg,train
178_c2s2_12,178,train\178_c2s2_12.jpg,train
178_c6s6_11,178,train\178_c6s6_11.jpg,train
144_c1s6_1,144,train\144_c1s6_1.jpg,train
155_c6s4_7,155,train\155_c6s4_7.jpg,train
144_c1s1_2,144,train\144_c1s1_2.jpg,train
27_c6s3_2,27,train\27_c6s3_2.jpg,train
51_c3s2_4,51,train\51_c3s2_4.jpg,train
90_c1s1_1,90,train\90_c1s1_1.jpg,train
68_c4s1_6,68,train\68_c4s1_6.jpg,train
130_c2s1_2,130,train\130_c2s1_2.jpg,train
108_c2s2_8,108,train\108_c2s2_8.jpg,train
168_c4s6_0,168,train\168_c4s6_0.jpg,train
26_c4s1_8,26,train\26_c4s1_8.jpg,train
102_c2s4_1,102,train\102_c2s4_1.jpg,train
169_c4s1_2,169,train\169_c4s1_2.jpg,train
177_c2s6_9,177,train\177_c2s6_9.jpg,train
133_c2s1_9,133,train\133_c2s1_9.jpg,train
149_c5s3_9,149,train\149_c5s3_9.jpg,train
43_c3s2_2,43,train\43_c3s2_2.jpg,train
188_c2s4_1,188,train\188_c2s4_1.jpg,train
143_c4s2_4,143,train\143_c4s2_4.jpg,train
134_c6s5_6,134,train\134_c6s5_6.jpg,train
14_c6s2_7,14,train\14_c6s2_7.jpg,train
45_c4s6_6,45,train\45_c4s6_6.jpg,train
139_c1s6_1,139,train\139_c1s6_1.jpg,train
101_c2s3_3,101,train\101_c2s3_3.jpg,train
148_c1s4_1,148,train\148_c1s4_1.jpg,train
70_c2s4_1,70,train\70_c2s4_1.jpg,train
177_c2s6_8,177,train\177_c2s6_8.jpg,train
14_c4s4_5,14,train\14_c4s4_5.jpg,train
181_c4s1_13,181,train\181_c4s1_13.jpg,train
49_c6s5_2,49,train\49_c6s5_2.jpg,train
154_c1s3_0,154,train\154_c1s3_0.jpg,train
26_c4s4_3,26,train\26_c4s4_3.jpg,train
26_c6s5_1,26,train\26_c6s5_1.jpg,train
117_c4s6_8,117,train\117_c4s6_8.jpg,train
14_c6s6_4,14,train\14_c6s6_4.jpg,train
95_c1s2_6,95,train\95_c1s2_6.jpg,train
181_c1s2_9,181,train\181_c1s2_9.jpg,train
14_c5s2_4,14,train\14_c5s2_4.jpg,train
70_c6s6_6,70,train\70_c6s6_6.jpg,train
186_c3s1_8,186,train\186_c3s1_8.jpg,train
153_c5s5_6,153,train\153_c5s5_6.jpg,train
145_c4s4_7,145,train\145_c4s4_7.jpg,train
186_c2s3_7,186,train\186_c2s3_7.jpg,train
101_c4s1_5,101,train\101_c4s1_5.jpg,train
115_c5s3_2,115,train\115_c5s3_2.jpg,train
154_c6s5_1,154,train\154_c6s5_1.jpg,train
73_c6s4_7,73,train\73_c6s4_7.jpg,train
19_c5s5_5,19,train\19_c5s5_5.jpg,train
143_c1s5_1,143,train\143_c1s5_1.jpg,train
131_c1s5_6,131,train\131_c1s5_6.jpg,train
174_c5s4_9,174,train\174_c5s4_9.jpg,train
30_c4s2_4,30,train\30_c4s2_4.jpg,train
44_c6s5_7,44,train\44_c6s5_7.jpg,train
45_c2s5_1,45,train\45_c2s5_1.jpg,train
21_c4s3_4,21,train\21_c4s3_4.jpg,train
151_c4s4_3,151,train\151_c4s4_3.jpg,train
182_c4s3_2,182,train\182_c4s3_2.jpg,train
172_c3s4_15,172,train\172_c3s4_15.jpg,train
127_c1s4_2,127,train\127_c1s4_2.jpg,train
68_c6s2_7,68,train\68_c6s2_7.jpg,train
142_c6s2_7,142,train\142_c6s2_7.jpg,train
181_c6s3_12,181,train\181_c6s3_12.jpg,train
15_c2s2_5,15,train\15_c2s2_5.jpg,train
172_c1s1_11,172,train\172_c1s1_11.jpg,train
15_c4s2_1,15,train\15_c4s2_1.jpg,train
73_c1s6_1,73,train\73_c1s6_1.jpg,train
133_c3s4_1,133,train\133_c3s4_1.jpg,train
66_c6s5_8,66,train\66_c6s5_8.jpg,train
15_c4s5_6,15,train\15_c4s5_6.jpg,train
154_c5s1_6,154,train\154_c5s1_6.jpg,train
73_c2s1_3,73,train\73_c2s1_3.jpg,train
110_c1s5_9,110,train\110_c1s5_9.jpg,train
15_c1s4_3,15,train\15_c1s4_3.jpg,train
150_c5s5_9,150,train\150_c5s5_9.jpg,train
177_c1s2_0,177,train\177_c1s2_0.jpg,train
130_c6s3_6,130,train\130_c6s3_6.jpg,train
187_c2s5_2,187,train\187_c2s5_2.jpg,train
48_c6s3_1,48,train\48_c6s3_1.jpg,train
182_c6s2_10,182,train\182_c6s2_10.jpg,train
165_c2s5_5,165,train\165_c2s5_5.jpg,train
134_c5s5_3,134,train\134_c5s5_3.jpg,train
94_c2s5_0,94,train\94_c2s5_0.jpg,train
118_c4s3_2,118,train\118_c4s3_2.jpg,train
100_c4s1_0,100,train\100_c4s1_0.jpg,train
142_c5s3_2,142,train\142_c5s3_2.jpg,train
6_c4s6_3,6,train\6_c4s6_3.jpg,train
153_c1s5_9,153,train\153_c1s5_9.jpg,train
24_c4s4_4,24,train\24_c4s4_4.jpg,train
172_c6s1_10,172,train\172_c6s1_10.jpg,train
128_c1s4_4,128,train\128_c1s4_4.jpg,train
151_c5s3_2,151,train\151_c5s3_2.jpg,train
65_c2s2_4,65,train\65_c2s2_4.jpg,train
128_c4s4_7,128,train\128_c4s4_7.jpg,train
127_c2s2_5,127,train\127_c2s2_5.jpg,train
63_c6s5_4,63,train\63_c6s5_4.jpg,train
95_c3s2_7,95,train\95_c3s2_7.jpg,train
80_c4s1_8,80,train\80_c4s1_8.jpg,train
70_c1s3_3,70,train\70_c1s3_3.jpg,train
102_c5s1_5,102,train\102_c5s1_5.jpg,train
153_c4s3_3,153,train\153_c4s3_3.jpg,train
132_c5s3_8,132,train\132_c5s3_8.jpg,train
71_c1s5_1,71,train\71_c1s5_1.jpg,train
25_c6s3_5,25,train\25_c6s3_5.jpg,train
103_c4s1_1,103,train\103_c4s1_1.jpg,train
154_c3s3_5,154,train\154_c3s3_5.jpg,train
138_c5s6_3,138,train\138_c5s6_3.jpg,train
172_c4s4_6,172,train\172_c4s4_6.jpg,train
131_c5s4_5,131,train\131_c5s4_5.jpg,train
94_c2s3_4,94,train\94_c2s3_4.jpg,train
94_c3s6_8,94,train\94_c3s6_8.jpg,train
121_c6s5_6,121,train\121_c6s5_6.jpg,train
178_c3s4_13,178,train\178_c3s4_13.jpg,train
175_c3s1_14,175,train\175_c3s1_14.jpg,train
159_c6s5_11,159,train\159_c6s5_11.jpg,train
22_c3s4_5,22,train\22_c3s4_5.jpg,train
143_c2s1_0,143,train\143_c2s1_0.jpg,train
168_c6s6_4,168,train\168_c6s6_4.jpg,train
175_c2s3_5,175,train\175_c2s3_5.jpg,train
145_c1s6_5,145,train\145_c1s6_5.jpg,train
128_c5s5_5,128,train\128_c5s5_5.jpg,train
56_c2s5_5,56,train\56_c2s5_5.jpg,train
178_c4s5_5,178,train\178_c4s5_5.jpg,train
88_c1s5_3,88,train\88_c1s5_3.jpg,train
155_c4s5_2,155,train\155_c4s5_2.jpg,train
122_c6s5_5,122,train\122_c6s5_5.jpg,train
94_c4s1_6,94,train\94_c4s1_6.jpg,train
174_c2s1_12,174,train\174_c2s1_12.jpg,train
138_c6s3_9,138,train\138_c6s3_9.jpg,train
165_c1s6_0,165,train\165_c1s6_0.jpg,train
81_c3s5_1,81,train\81_c3s5_1.jpg,train
33_c2s5_5,33,train\33_c2s5_5.jpg,train
6_c3s4_1,6,train\6_c3s4_1.jpg,train
175_c1s2_4,175,train\175_c1s2_4.jpg,train
168_c3s5_2,168,train\168_c3s5_2.jpg,train
66_c4s6_1,66,train\66_c4s6_1.jpg,train
104_c4s5_6,104,train\104_c4s5_6.jpg,train
108_c6s5_6,108,train\108_c6s5_6.jpg,train
26_c6s6_2,26,train\26_c6s6_2.jpg,train
135_c2s3_2,135,train\135_c2s3_2.jpg,train
175_c6s5_3,175,train\175_c6s5_3.jpg,train
178_c5s3_1,178,train\178_c5s3_1.jpg,train
45_c3s5_2,45,train\45_c3s5_2.jpg,train
181_c4s3_6,181,train\181_c4s3_6.jpg,train
2_c1s4_2,2,train\2_c1s4_2.jpg,train
30_c2s2_6,30,train\30_c2s2_6.jpg,train
5_c3s6_4,5,train\5_c3s6_4.jpg,train
145_c6s6_9,145,train\145_c6s6_9.jpg,train
138_c6s3_7,138,train\138_c6s3_7.jpg,train
94_c1s2_2,94,train\94_c1s2_2.jpg,train
127_c4s4_4,127,train\127_c4s4_4.jpg,train
168_c5s3_7,168,train\168_c5s3_7.jpg,train
121_c6s5_0,121,train\121_c6s5_0.jpg,train
82_c1s3_3,82,train\82_c1s3_3.jpg,train
134_c5s2_5,134,train\134_c5s2_5.jpg,train
28_c6s2_7,28,train\28_c6s2_7.jpg,train
140_c6s1_10,140,train\140_c6s1_10.jpg,train
118_c1s6_0,118,train\118_c1s6_0.jpg,train
68_c4s5_5,68,train\68_c4s5_5.jpg,train
128_c4s3_3,128,train\128_c4s3_3.jpg,train
150_c5s2_12,150,train\150_c5s2_12.jpg,train
110_c5s2_2,110,train\110_c5s2_2.jpg,train
63_c5s5_6,63,train\63_c5s5_6.jpg,train
24_c2s1_0,24,train\24_c2s1_0.jpg,train
122_c3s2_8,122,train\122_c3s2_8.jpg,train
6_c6s1_4,6,train\6_c6s1_4.jpg,train
131_c2s4_1,131,train\131_c2s4_1.jpg,train
118_c2s2_6,118,train\118_c2s2_6.jpg,train
14_c4s5_3,14,train\14_c4s5_3.jpg,train
19_c5s4_2,19,train\19_c5s4_2.jpg,train
19_c1s3_6,19,train\19_c1s3_6.jpg,train
43_c5s6_4,43,train\43_c5s6_4.jpg,train
172_c5s3_3,172,train\172_c5s3_3.jpg,train
165_c6s3_3,165,train\165_c6s3_3.jpg,train
30_c2s3_5,30,train\30_c2s3_5.jpg,train
139_c5s1_4,139,train\139_c5s1_4.jpg,train
139_c4s1_0,139,train\139_c4s1_0.jpg,train
136_c4s1_4,136,train\136_c4s1_4.jpg,train
174_c5s1_2,174,train\174_c5s1_2.jpg,train
19_c3s3_10,19,train\19_c3s3_10.jpg,train
143_c2s2_6,143,train\143_c2s2_6.jpg,train
168_c5s3_6,168,train\168_c5s3_6.jpg,train
48_c4s5_5,48,train\48_c4s5_5.jpg,train
150_c3s2_3,150,train\150_c3s2_3.jpg,train
123_c3s2_2,123,train\123_c3s2_2.jpg,train
110_c5s2_5,110,train\110_c5s2_5.jpg,train
174_c3s4_13,174,train\174_c3s4_13.jpg,train
12_c3s2_6,12,train\12_c3s2_6.jpg,train
118_c6s1_2,118,train\118_c6s1_2.jpg,train
33_c6s6_1,33,train\33_c6s6_1.jpg,train
49_c1s6_0,49,train\49_c1s6_0.jpg,train
46_c6s3_0,46,train\46_c6s3_0.jpg,train
6_c4s6_5,6,train\6_c4s6_5.jpg,train
27_c2s5_0,27,train\27_c2s5_0.jpg,train
46_c2s4_10,46,train\46_c2s4_10.jpg,train
159_c3s5_5,159,train\159_c3s5_5.jpg,train
44_c1s1_3,44,train\44_c1s1_3.jpg,train
51_c2s5_6,51,train\51_c2s5_6.jpg,train
96_c5s5_6,96,train\96_c5s5_6.jpg,train
22_c6s1_6,22,train\22_c6s1_6.jpg,train
90_c5s3_6,90,train\90_c5s3_6.jpg,train
178_c2s6_8,178,train\178_c2s6_8.jpg,train
135_c3s5_3,135,train\135_c3s5_3.jpg,train
174_c1s3_5,174,train\174_c1s3_5.jpg,train
82_c3s1_5,82,train\82_c3s1_5.jpg,train
171_c5s3_1,171,train\171_c5s3_1.jpg,train
73_c4s6_5,73,train\73_c4s6_5.jpg,train
126_c4s2_5,126,train\126_c4s2_5.jpg,train
136_c1s6_2,136,train\136_c1s6_2.jpg,train
155_c5s1_4,155,train\155_c5s1_4.jpg,train
174_c2s2_10,174,train\174_c2s2_10.jpg,train
135_c1s1_4,135,train\135_c1s1_4.jpg,train
159_c6s6_2,159,train\159_c6s6_2.jpg,train
165_c2s2_8,165,train\165_c2s2_8.jpg,train
49_c2s3_5,49,train\49_c2s3_5.jpg,train
118_c6s2_8,118,train\118_c6s2_8.jpg,train
140_c3s5_0,140,train\140_c3s5_0.jpg,train
145_c5s1_4,145,train\145_c5s1_4.jpg,train
153_c3s4_0,153,train\153_c3s4_0.jpg,train
145_c3s3_1,145,train\145_c3s3_1.jpg,train
188_c5s1_0,188,train\188_c5s1_0.jpg,train
26_c3s2_5,26,train\26_c3s2_5.jpg,train
117_c6s2_8,117,train\117_c6s2_8.jpg,train
95_c5s1_5,95,train\95_c5s1_5.jpg,train
133_c4s3_0,133,train\133_c4s3_0.jpg,train
175_c2s4_15,175,train\175_c2s4_15.jpg,train
142_c1s4_0,142,train\142_c1s4_0.jpg,train
56_c4s1_4,56,train\56_c4s1_4.jpg,train
80_c3s1_2,80,train\80_c3s1_2.jpg,train
12_c4s4_2,12,train\12_c4s4_2.jpg,train
132_c6s4_7,132,train\132_c6s4_7.jpg,train
139_c3s2_2,139,train\139_c3s2_2.jpg,train
46_c2s4_11,46,train\46_c2s4_11.jpg,train
133_c4s2_5,133,train\133_c4s2_5.jpg,train
148_c2s4_13,148,train\148_c2s4_13.jpg,train
115_c4s2_8,115,train\115_c4s2_8.jpg,train
151_c4s5_0,151,train\151_c4s5_0.jpg,train
49_c2s4_3,49,train\49_c2s4_3.jpg,train
104_c2s1_3,104,train\104_c2s1_3.jpg,train
26_c1s2_7,26,train\26_c1s2_7.jpg,train
155_c3s6_9,155,train\155_c3s6_9.jpg,train
123_c1s6_9,123,train\123_c1s6_9.jpg,train
141_c3s3_1,141,train\141_c3s3_1.jpg,train
121_c6s5_5,121,train\121_c6s5_5.jpg,train
96_c1s5_1,96,train\96_c1s5_1.jpg,train
168_c6s5_3,168,train\168_c6s5_3.jpg,train
122_c5s6_1,122,train\122_c5s6_1.jpg,train
96_c6s5_0,96,train\96_c6s5_0.jpg,train
187_c2s5_0,187,train\187_c2s5_0.jpg,train
175_c6s2_13,175,train\175_c6s2_13.jpg,train
70_c4s3_7,70,train\70_c4s3_7.jpg,train
46_c5s4_12,46,train\46_c5s4_12.jpg,train
175_c1s6_11,175,train\175_c1s6_11.jpg,train
6_c4s1_8,6,train\6_c4s1_8.jpg,train
121_c3s3_1,121,train\121_c3s3_1.jpg,train
65_c5s4_8,65,train\65_c5s4_8.jpg,train
188_c6s4_2,188,train\188_c6s4_2.jpg,train
24_c3s1_1,24,train\24_c3s1_1.jpg,train
132_c5s4_5,132,train\132_c5s4_5.jpg,train
22_c3s5_7,22,train\22_c3s5_7.jpg,train
169_c2s1_0,169,train\169_c2s1_0.jpg,train
182_c4s5_4,182,train\182_c4s5_4.jpg,train
174_c4s2_8,174,train\174_c4s2_8.jpg,train
175_c6s3_8,175,train\175_c6s3_8.jpg,train
169_c2s5_1,169,train\169_c2s5_1.jpg,train
48_c3s6_7,48,train\48_c3s6_7.jpg,train
169_c1s3_10,169,train\169_c1s3_10.jpg,train
78_c3s6_2,78,train\78_c3s6_2.jpg,train
117_c5s3_4,117,train\117_c5s3_4.jpg,train
123_c3s5_3,123,train\123_c3s5_3.jpg,train
175_c1s5_10,175,train\175_c1s5_10.jpg,train
100_c5s1_4,100,train\100_c5s1_4.jpg,train
103_c5s4_7,103,train\103_c5s4_7.jpg,train
30_c2s3_3,30,train\30_c2s3_3.jpg,train
126_c1s3_7,126,train\126_c1s3_7.jpg,train
12_c3s6_3,12,train\12_c3s6_3.jpg,train
144_c3s1_4,144,train\144_c3s1_4.jpg,train
174_c1s5_7,174,train\174_c1s5_7.jpg,train
48_c3s2_6,48,train\48_c3s2_6.jpg,train
95_c4s4_2,95,train\95_c4s4_2.jpg,train
96_c5s1_5,96,train\96_c5s1_5.jpg,train
65_c3s2_3,65,train\65_c3s2_3.jpg,train
100_c5s3_9,100,train\100_c5s3_9.jpg,train
12_c5s2_5,12,train\12_c5s2_5.jpg,train
5_c1s6_0,5,train\5_c1s6_0.jpg,train
78_c3s3_5,78,train\78_c3s3_5.jpg,train
182_c6s2_11,182,train\182_c6s2_11.jpg,train
65_c4s5_10,65,train\65_c4s5_10.jpg,train
181_c2s1_11,181,train\181_c2s1_11.jpg,train
19_c2s5_9,19,train\19_c2s5_9.jpg,train
135_c4s2_6,135,train\135_c4s2_6.jpg,train
134_c1s6_7,134,train\134_c1s6_7.jpg,train
145_c5s6_6,145,train\145_c5s6_6.jpg,train
159_c2s4_0,159,train\159_c2s4_0.jpg,train
24_c4s5_3,24,train\24_c4s5_3.jpg,test
115_c3s4_0,115,train\115_c3s4_0.jpg,test
182_c5s4_7,182,train\182_c5s4_7.jpg,test
90_c3s3_3,90,train\90_c3s3_3.jpg,test
155_c2s4_0,155,train\155_c2s4_0.jpg,test
148_c3s3_9,148,train\148_c3s3_9.jpg,test
165_c2s2_2,165,train\165_c2s2_2.jpg,test
45_c3s3_0,45,train\45_c3s3_0.jpg,test
181_c1s1_1,181,train\181_c1s1_1.jpg,test
22_c5s5_8,22,train\22_c5s5_8.jpg,test
70_c3s2_4,70,train\70_c3s2_4.jpg,test
25_c4s2_4,25,train\25_c4s2_4.jpg,test
60_c1s6_2,60,train\60_c1s6_2.jpg,test
141_c2s2_3,141,train\141_c2s2_3.jpg,test
115_c5s3_5,115,train\115_c5s3_5.jpg,test
117_c6s1_2,117,train\117_c6s1_2.jpg,test
135_c6s1_1,135,train\135_c6s1_1.jpg,test
101_c6s2_2,101,train\101_c6s2_2.jpg,test
103_c4s2_4,103,train\103_c4s2_4.jpg,test
103_c3s4_0,103,train\103_c3s4_0.jpg,test
60_c3s3_6,60,train\60_c3s3_6.jpg,test
46_c1s1_13,46,train\46_c1s1_13.jpg,test
80_c1s2_8,80,train\80_c1s2_8.jpg,test
82_c4s1_6,82,train\82_c4s1_6.jpg,test
48_c2s1_4,48,train\48_c2s1_4.jpg,test
118_c2s3_6,118,train\118_c2s3_6.jpg,test
95_c6s2_0,95,train\95_c6s2_0.jpg,test
131_c5s3_9,131,train\131_c5s3_9.jpg,test
30_c3s4_7,30,train\30_c3s4_7.jpg,test
110_c6s2_6,110,train\110_c6s2_6.jpg,test
148_c4s4_2,148,train\148_c4s4_2.jpg,test
81_c6s2_4,81,train\81_c6s2_4.jpg,test
145_c4s1_0,145,train\145_c4s1_0.jpg,test
49_c3s5_1,49,train\49_c3s5_1.jpg,test
131_c3s2_7,131,train\131_c3s2_7.jpg,test
5_c6s6_6,5,train\5_c6s6_6.jpg,test
145_c4s1_7,145,train\145_c4s1_7.jpg,test
80_c6s3_3,80,train\80_c6s3_3.jpg,test
148_c5s5_8,148,train\148_c5s5_8.jpg,test
145_c3s2_4,145,train\145_c3s2_4.jpg,test
133_c1s1_6,133,train\133_c1s1_6.jpg,test
100_c4s5_6,100,train\100_c4s5_6.jpg,test
26_c4s3_4,26,train\26_c4s3_4.jpg,test
142_c6s4_3,142,train\142_c6s4_3.jpg,test
29_c3s2_3,29,train\29_c3s2_3.jpg,test
140_c6s2_8,140,train\140_c6s2_8.jpg,test
44_c2s1_6,44,train\44_c2s1_6.jpg,test
70_c3s2_5,70,train\70_c3s2_5.jpg,test
90_c6s1_4,90,train\90_c6s1_4.jpg,test
56_c4s4_1,56,train\56_c4s4_1.jpg,test
29_c4s6_7,29,train\29_c4s6_7.jpg,test
145_c5s2_3,145,train\145_c5s2_3.jpg,test
82_c2s3_4,82,train\82_c2s3_4.jpg,test
149_c3s2_4,149,train\149_c3s2_4.jpg,test
96_c1s3_4,96,train\96_c1s3_4.jpg,test
131_c3s5_2,131,train\131_c3s5_2.jpg,test
28_c6s6_4,28,train\28_c6s6_4.jpg,test
66_c1s2_4,66,train\66_c1s2_4.jpg,test
43_c4s5_0,43,train\43_c4s5_0.jpg,test
22_c5s5_4,22,train\22_c5s5_4.jpg,test
148_c1s3_14,148,train\148_c1s3_14.jpg,test
12_c3s6_9,12,train\12_c3s6_9.jpg,test
63_c1s5_2,63,train\63_c1s5_2.jpg,test
102_c2s2_0,102,train\102_c2s2_0.jpg,test
104_c3s3_1,104,train\104_c3s3_1.jpg,test
188_c1s3_6,188,train\188_c1s3_6.jpg,test
104_c4s1_7,104,train\104_c4s1_7.jpg,test
132_c6s6_1,132,train\132_c6s6_1.jpg,test
148_c5s5_5,148,train\148_c5s5_5.jpg,test
139_c4s5_6,139,train\139_c4s5_6.jpg,test
117_c5s4_0,117,train\117_c5s4_0.jpg,test
127_c1s4_6,127,train\127_c1s4_6.jpg,test
187_c1s6_12,187,train\187_c1s6_12.jpg,test
172_c6s6_5,172,train\172_c6s6_5.jpg,test
144_c6s1_0,144,train\144_c6s1_0.jpg,test
149_c1s4_11,149,train\149_c1s4_11.jpg,test
154_c1s6_3,154,train\154_c1s6_3.jpg,test
169_c5s2_4,169,train\169_c5s2_4.jpg,test
174_c2s4_1,174,train\174_c2s4_1.jpg,test
149_c6s3_5,149,train\149_c6s3_5.jpg,test
118_c2s1_5,118,train\118_c2s1_5.jpg,test
117_c4s4_7,117,train\117_c4s4_7.jpg,test
12_c5s2_0,12,train\12_c5s2_0.jpg,test
132_c1s5_6,132,train\132_c1s5_6.jpg,test
115_c1s2_3,115,train\115_c1s2_3.jpg,test
145_c2s5_7,145,train\145_c2s5_7.jpg,test
22_c6s3_3,22,train\22_c6s3_3.jpg,test
56_c4s6_6,56,train\56_c4s6_6.jpg,test
172_c2s6_2,172,train\172_c2s6_2.jpg,test
88_c3s1_7,88,train\88_c3s1_7.jpg,test
187_c1s6_1,187,train\187_c1s6_1.jpg,test
15_c6s5_8,15,train\15_c6s5_8.jpg,test
14_c1s4_3,14,train\14_c1s4_3.jpg,test
22_c5s5_1,22,train\22_c5s5_1.jpg,test
103_c5s6_5,103,train\103_c5s6_5.jpg,test
44_c2s2_4,44,train\44_c2s2_4.jpg,test
141_c2s5_9,141,train\141_c2s5_9.jpg,test
28_c3s5_2,28,train\28_c3s5_2.jpg,test
82_c1s4_1,82,train\82_c1s4_1.jpg,test
46_c2s4_4,46,train\46_c2s4_4.jpg,test
24_c6s1_1,24,train\24_c6s1_1.jpg,test
172_c1s4_0,172,train\172_c1s4_0.jpg,test
141_c4s1_12,141,train\141_c4s1_12.jpg,test
44_c3s3_8,44,train\44_c3s3_8.jpg,test
139_c5s3_9,139,train\139_c5s3_9.jpg,test
63_c6s5_3,63,train\63_c6s5_3.jpg,test
33_c3s4_7,33,train\33_c3s4_7.jpg,test
136_c2s4_7,136,train\136_c2s4_7.jpg,test
123_c4s5_1,123,train\123_c4s5_1.jpg,test
24_c3s1_5,24,train\24_c3s1_5.jpg,test
78_c2s1_1,78,train\78_c2s1_1.jpg,test
102_c5s3_3,102,train\102_c5s3_3.jpg,test
168_c1s4_8,168,train\168_c1s4_8.jpg,test
104_c2s4_0,104,train\104_c2s4_0.jpg,test
27_c6s4_1,27,train\27_c6s4_1.jpg,test
149_c6s5_13,149,train\149_c6s5_13.jpg,test
2_c5s1_8,2,train\2_c5s1_8.jpg,test
122_c3s1_7,122,train\122_c3s1_7.jpg,test
115_c6s4_1,115,train\115_c6s4_1.jpg,test
65_c2s6_5,65,train\65_c2s6_5.jpg,test
139_c4s4_7,139,train\139_c4s4_7.jpg,test
101_c1s3_6,101,train\101_c1s3_6.jpg,test
70_c6s6_2,70,train\70_c6s6_2.jpg,test
68_c3s1_8,68,train\68_c3s1_8.jpg,test
80_c2s5_5,80,train\80_c2s5_5.jpg,test
123_c3s5_8,123,train\123_c3s5_8.jpg,test
80_c3s1_1,80,train\80_c3s1_1.jpg,test
115_c1s4_4,115,train\115_c1s4_4.jpg,test
149_c6s4_2,149,train\149_c6s4_2.jpg,test
33_c2s2_4,33,train\33_c2s2_4.jpg,test
15_c6s6_4,15,train\15_c6s6_4.jpg,test
153_c4s5_11,153,train\153_c4s5_11.jpg,test
159_c6s6_6,159,train\159_c6s6_6.jpg,test
140_c2s4_5,140,train\140_c2s4_5.jpg,test
153_c3s4_8,153,train\153_c3s4_8.jpg,test
90_c5s4_2,90,train\90_c5s4_2.jpg,test
27_c3s4_6,27,train\27_c3s4_6.jpg,test
100_c1s6_5,100,train\100_c1s6_5.jpg,test
25_c5s4_2,25,train\25_c5s4_2.jpg,test
104_c4s6_4,104,train\104_c4s6_4.jpg,test
121_c2s1_2,121,train\121_c2s1_2.jpg,test
21_c1s6_7,21,train\21_c1s6_7.jpg,test
21_c2s1_2,21,train\21_c2s1_2.jpg,test
155_c2s1_3,155,train\155_c2s1_3.jpg,test
151_c4s1_11,151,train\151_c4s1_11.jpg,test
43_c4s6_3,43,train\43_c4s6_3.jpg,test
127_c1s6_1,127,train\127_c1s6_1.jpg,test
48_c6s3_0,48,train\48_c6s3_0.jpg,test
6_c2s5_6,6,train\6_c2s5_6.jpg,test
108_c3s3_3,108,train\108_c3s3_3.jpg,test
177_c5s5_11,177,train\177_c5s5_11.jpg,test
141_c1s1_11,141,train\141_c1s1_11.jpg,test
159_c2s4_8,159,train\159_c2s4_8.jpg,test
29_c4s5_8,29,train\29_c4s5_8.jpg,test
14_c2s2_4,14,train\14_c2s2_4.jpg,test
171_c4s4_0,171,train\171_c4s4_0.jpg,test
26_c5s1_0,26,train\26_c5s1_0.jpg,test
153_c6s6_5,153,train\153_c6s6_5.jpg,test
15_c5s2_9,15,train\15_c5s2_9.jpg,test
49_c4s6_3,49,train\49_c4s6_3.jpg,test
60_c5s5_1,60,train\60_c5s5_1.jpg,test
153_c5s4_2,153,train\153_c5s4_2.jpg,test
2_c3s2_4,2,train\2_c3s2_4.jpg,test
81_c1s4_5,81,train\81_c1s4_5.jpg,test
126_c5s5_0,126,train\126_c5s5_0.jpg,test
150_c5s2_1,150,train\150_c5s2_1.jpg,test
19_c2s5_4,19,train\19_c2s5_4.jpg,test
177_c5s2_4,177,train\177_c5s2_4.jpg,test
172_c5s3_8,172,train\172_c5s3_8.jpg,test
21_c4s2_0,21,train\21_c4s2_0.jpg,test
94_c3s4_9,94,train\94_c3s4_9.jpg,test
15_c5s3_2,15,train\15_c5s3_2.jpg,test
150_c4s2_13,150,train\150_c4s2_13.jpg,test
110_c6s2_7,110,train\110_c6s2_7.jpg,test
178_c4s6_14,178,train\178_c4s6_14.jpg,test
151_c4s3_8,151,train\151_c4s3_8.jpg,test
131_c5s3_8,131,train\131_c5s3_8.jpg,test
100_c4s4_6,100,train\100_c4s4_6.jpg,test
172_c1s6_12,172,train\172_c1s6_12.jpg,test
118_c2s6_3,118,train\118_c2s6_3.jpg,test
172_c2s6_14,172,train\172_c2s6_14.jpg,test
81_c2s4_6,81,train\81_c2s4_6.jpg,test
96_c2s6_2,96,train\96_c2s6_2.jpg,test
153_c1s1_4,153,train\153_c1s1_4.jpg,test
90_c3s6_7,90,train\90_c3s6_7.jpg,test
110_c5s2_3,110,val\110_c5s2_3.jpg,train
96_c6s2_7,96,val\96_c6s2_7.jpg,train
102_c5s2_2,102,val\102_c5s2_2.jpg,train
21_c2s3_5,21,val\21_c2s3_5.jpg,train
154_c5s2_4,154,val\154_c5s2_4.jpg,train
19_c2s2_7,19,val\19_c2s2_7.jpg,train
66_c6s4_9,66,val\66_c6s4_9.jpg,train
155_c6s3_6,155,val\155_c6s3_6.jpg,train
6_c1s2_7,6,val\6_c1s2_7.jpg,train
130_c3s4_0,130,val\130_c3s4_0.jpg,train
81_c4s3_2,81,val\81_c4s3_2.jpg,train
186_c4s6_9,186,val\186_c4s6_9.jpg,train
141_c5s4_2,141,val\141_c5s4_2.jpg,train
143_c2s4_2,143,val\143_c2s4_2.jpg,train
70_c3s1_0,70,val\70_c3s1_0.jpg,train
188_c1s5_5,188,val\188_c1s5_5.jpg,train
122_c5s3_3,122,val\122_c5s3_3.jpg,train
101_c6s3_7,101,val\101_c6s3_7.jpg,train
182_c1s4_15,182,val\182_c1s4_15.jpg,train
117_c4s3_3,117,val\117_c4s3_3.jpg,train
181_c5s5_3,181,val\181_c5s5_3.jpg,train
153_c5s6_7,153,val\153_c5s6_7.jpg,train
178_c3s1_2,178,val\178_c3s1_2.jpg,train
27_c3s2_5,27,val\27_c3s2_5.jpg,train
103_c3s3_6,103,val\103_c3s3_6.jpg,train
128_c6s4_2,128,val\128_c6s4_2.jpg,train
71_c2s1_0,71,val\71_c2s1_0.jpg,train
121_c4s6_3,121,val\121_c4s6_3.jpg,train
187_c4s2_11,187,val\187_c4s2_11.jpg,train
177_c3s5_13,177,val\177_c3s5_13.jpg,train
175_c1s6_12,175,val\175_c1s6_12.jpg,train
90_c2s1_8,90,val\90_c2s1_8.jpg,train
150_c5s3_6,150,val\150_c5s3_6.jpg,train
73_c3s1_4,73,val\73_c3s1_4.jpg,train
159_c1s2_4,159,val\159_c1s2_4.jpg,train
49_c4s2_6,49,val\49_c4s2_6.jpg,train
134_c4s5_0,134,val\134_c4s5_0.jpg,train
108_c1s2_5,108,val\108_c1s2_5.jpg,train
159_c1s5_1,159,val\159_c1s5_1.jpg,train
78_c1s3_7,78,val\78_c1s3_7.jpg,train
33_c6s6_3,33,val\33_c6s6_3.jpg,train
14_c5s3_7,14,val\14_c5s3_7.jpg,train
174_c1s2_11,174,val\174_c1s2_11.jpg,train
150_c6s6_8,150,val\150_c6s6_8.jpg,train
22_c5s4_2,22,val\22_c5s4_2.jpg,train
171_c6s2_4,171,val\171_c6s2_4.jpg,train
148_c3s4_0,148,val\148_c3s4_0.jpg,train
133_c3s6_4,133,val\133_c3s6_4.jpg,train
149_c1s1_10,149,val\149_c1s1_10.jpg,train
28_c3s5_0,28,val\28_c3s5_0.jpg,train
68_c2s6_4,68,val\68_c2s6_4.jpg,train
88_c1s5_5,88,val\88_c1s5_5.jpg,train
94_c4s2_3,94,val\94_c4s2_3.jpg,train
25_c1s1_0,25,val\25_c1s1_0.jpg,train
126_c5s2_9,126,val\126_c5s2_9.jpg,train
65_c5s5_0,65,val\65_c5s5_0.jpg,train
5_c3s6_3,5,val\5_c3s6_3.jpg,train
177_c5s3_5,177,val\177_c5s3_5.jpg,train
123_c4s6_7,123,val\123_c4s6_7.jpg,train
56_c3s4_0,56,val\56_c3s4_0.jpg,train
60_c3s2_4,60,val\60_c3s2_4.jpg,train
145_c2s1_3,145,val\145_c2s1_3.jpg,train
43_c3s4_8,43,val\43_c3s4_8.jpg,train
175_c2s1_9,175,val\175_c2s1_9.jpg,train
165_c5s6_13,165,val\165_c5s6_13.jpg,train
149_c1s6_8,149,val\149_c1s6_8.jpg,train
63_c6s1_0,63,val\63_c6s1_0.jpg,train
187_c6s5_8,187,val\187_c6s5_8.jpg,train
48_c4s3_3,48,val\48_c4s3_3.jpg,train
168_c4s5_1,168,val\168_c4s5_1.jpg,train
12_c5s4_7,12,val\12_c5s4_7.jpg,train
82_c6s3_0,82,val\82_c6s3_0.jpg,train
45_c1s1_8,45,val\45_c1s1_8.jpg,train
178_c5s5_3,178,val\178_c5s5_3.jpg,train
140_c5s4_11,140,val\140_c5s4_11.jpg,train
29_c5s5_0,29,val\29_c5s5_0.jpg,train
118_c4s2_9,118,val\118_c4s2_9.jpg,train
182_c1s4_3,182,val\182_c1s4_3.jpg,train
181_c5s1_10,181,val\181_c5s1_10.jpg,train
131_c2s5_6,131,val\131_c2s5_6.jpg,train
2_c5s6_5,2,val\2_c5s6_5.jpg,train
148_c3s3_4,148,val\148_c3s3_4.jpg,train
95_c6s3_8,95,val\95_c6s3_8.jpg,train
139_c2s5_7,139,val\139_c2s5_7.jpg,train
115_c4s5_6,115,val\115_c4s5_6.jpg,train
104_c2s3_0,104,val\104_c2s3_0.jpg,train
153_c6s1_1,153,val\153_c6s1_1.jpg,train
80_c4s1_0,80,val\80_c4s1_0.jpg,train
138_c5s4_1,138,val\138_c5s4_1.jpg,test
165_c6s5_10,165,val\165_c6s5_10.jpg,test
127_c3s3_9,127,val\127_c3s3_9.jpg,test
172_c6s5_1,172,val\172_c6s5_1.jpg,test
172_c6s4_4,172,val\172_c6s4_4.jpg,test
132_c3s2_8,132,val\132_c3s2_8.jpg,test
44_c1s5_0,44,val\44_c1s5_0.jpg,test
46_c4s3_2,46,val\46_c4s3_2.jpg,test
136_c3s6_1,136,val\136_c3s6_1.jpg,test
30_c3s4_8,30,val\30_c3s4_8.jpg,test
144_c6s4_7,144,val\144_c6s4_7.jpg,test
174_c1s4_0,174,val\174_c1s4_0.jpg,test
151_c2s5_7,151,val\151_c2s5_7.jpg,test
135_c3s6_9,135,val\135_c3s6_9.jpg,test
142_c6s1_1,142,val\142_c6s1_1.jpg,test
26_c1s4_6,26,val\26_c1s4_6.jpg,test
151_c4s4_12,151,val\151_c4s4_12.jpg,test
15_c6s2_7,15,val\15_c6s2_7.jpg,test
169_c3s1_8,169,val\169_c3s1_8.jpg,test
169_c6s3_5,169,val\169_c6s3_5.jpg,test
24_c3s6_2,24,val\24_c3s6_2.jpg,test
51_c5s3_5,51,val\51_c5s3_5.jpg,test
100_c4s4_7,100,val\100_c4s4_7.jpg,test
